mean_walltime,std_walltime
115.46695876121521,39.7889142036438
