#{"t_start": 1600280191.6902878, "env_id": "widowx_reacher-v5"}
r,l,t
-3.02425,100,1.071732
-5.75387,100,1.380595
-4.967545,100,1.521139
-4.017788,100,1.658815
-4.925101,100,1.778899
-3.714239,100,1.919497
-2.21176,100,2.057015
-4.122852,100,2.191281
-2.25043,100,2.328799
-1.79073,100,2.445351
-1.638158,100,2.583306
