#{"t_start": 1600280191.7056324, "env_id": "widowx_reacher-v5"}
r,l,t
-1.241692,100,1.056621
-4.272677,100,1.365417
-3.715883,100,1.505964
-3.609359,100,1.643639
-2.161562,100,1.763725
-3.139905,100,1.904315
-1.691417,100,2.041833
-2.414549,100,2.176101
-3.542314,100,2.313626
-2.024332,100,2.430187
-3.497106,100,2.568128
