#{"t_start": 1600280191.72097, "env_id": "widowx_reacher-v5"}
r,l,t
-0.903543,100,1.041513
-1.300194,100,1.350247
-1.786648,100,1.490795
-2.675551,100,1.628466
-3.542877,100,1.748554
-2.576828,100,1.889139
-5.686469,100,2.026667
-2.756434,100,2.160925
-1.794343,100,2.298458
-0.508334,100,2.41502
-3.668698,100,2.552956
