#{"t_start": 1600280191.7519047, "env_id": "widowx_reacher-v5"}
r,l,t
-3.092841,100,1.011045
-5.9183,100,1.319639
-3.321766,100,1.460194
-4.668495,100,1.597857
-3.129916,100,1.717957
-3.966773,100,1.858524
-3.052276,100,1.996049
-3.460209,100,2.13031
-1.602554,100,2.267859
-1.742707,100,2.384421
-3.020928,100,2.522349
