#{"t_start": 1592510444.4435692, "env_id": "widowx_reacher-v7"}
r,l,t
-1.192592,100,1.641698
-2.011151,100,1.82448
-1.650216,100,2.768129
-1.107113,100,2.951813
-1.717079,100,3.140159
-0.514388,100,3.826175
-1.572687,100,4.016428
-1.077802,100,4.717111
-1.1137,100,4.90487
-0.649836,100,5.091461
