#{"t_start": 1592510444.4953337, "env_id": "widowx_reacher-v7"}
r,l,t
-3.908069,100,1.590559
-2.502584,100,1.773313
-1.060789,100,2.716982
-0.505749,100,2.900665
-4.058882,100,3.089015
-1.577691,100,3.775015
-1.866704,100,3.965263
-1.279901,100,4.665965
-1.015388,100,4.853722
-0.371058,100,5.040306
