#{"t_start": 1592510444.5210176, "env_id": "widowx_reacher-v7"}
r,l,t
-1.546044,100,1.565181
-0.970731,100,1.747934
-1.139952,100,2.691603
-2.645588,100,2.875284
-1.21381,100,3.063636
-2.675951,100,3.749627
-1.146808,100,3.939883
-1.602761,100,4.640582
-1.102355,100,4.828339
-0.672151,100,5.01493
