#{"t_start": 1592510237.4394648, "env_id": "widowx_reacher-v7"}
r,l,t
-1.87785,100,1.711093
-2.059017,100,1.894568
-1.92479,100,2.826181
-2.035062,100,3.015568
-2.534504,100,3.205192
-0.625135,100,3.878133
-2.830867,100,4.049416
-1.913491,100,4.72015
-0.37637,100,4.916523
-2.107777,100,5.113781
