#{"t_start": 1592510237.491141, "env_id": "widowx_reacher-v7"}
r,l,t
-1.331272,100,1.66015
-2.1679,100,1.843539
-2.818505,100,2.775188
-2.365073,100,2.964538
-1.08415,100,3.154173
-2.338917,100,3.827113
-1.426612,100,3.998379
-0.895866,100,4.669134
-2.349248,100,4.865488
-0.692692,100,5.062761
