#{"t_start": 1592510237.5423021, "env_id": "widowx_reacher-v7"}
r,l,t
-1.30847,100,1.609624
-2.068693,100,1.792985
-0.686375,100,2.724645
-2.010012,100,2.913992
-2.622235,100,3.103622
-1.328543,100,3.776558
-2.521537,100,3.947819
-3.777272,100,4.618583
-1.678224,100,4.814961
-2.111643,100,5.012203
