#{"t_start": 1592510237.5678854, "env_id": "widowx_reacher-v7"}
r,l,t
-1.116781,100,1.584348
-1.58231,100,1.767695
-0.644766,100,2.699362
-1.810077,100,2.888705
-2.299686,100,3.078339
-2.343609,100,3.751271
-3.700363,100,3.922529
-0.442088,100,4.5933
-0.76991,100,4.789677
-0.513131,100,4.986922
