#{"t_start": 1592510180.7666316, "env_id": "widowx_reacher-v7"}
r,l,t
-2.14892,100,2.072056
-2.550179,100,2.258682
-1.126738,100,2.445507
-0.830584,100,2.63686
-1.608941,100,2.828303
-2.102326,100,3.016538
-1.716092,100,3.208447
-1.191398,100,3.401175
-1.935764,100,3.594188
-0.827366,100,3.784779
-0.620789,100,3.973171
-0.407404,100,4.163442
