#{"t_start": 1592510180.8193026, "env_id": "widowx_reacher-v7"}
r,l,t
-0.739874,100,2.020117
-2.262412,100,2.206662
-1.288788,100,2.393481
-2.478175,100,2.584837
-0.854687,100,2.776273
-0.903981,100,2.964514
-0.946046,100,3.156416
-2.674014,100,3.349142
-1.140175,100,3.542163
-2.828367,100,3.732755
-1.492746,100,3.921138
-1.686097,100,4.111407
