#{"t_start": 1592510180.8716364, "env_id": "widowx_reacher-v7"}
r,l,t
-1.228272,100,1.968415
-2.188949,100,2.154928
-0.428409,100,2.341738
-0.740658,100,2.533095
-1.698894,100,2.724541
-3.155388,100,2.912775
-0.189989,100,3.10469
-0.926581,100,3.297408
-3.365218,100,3.490431
-2.660992,100,3.681013
-0.510365,100,3.869402
-2.002678,100,4.059675
