#{"t_start": 1592510180.923679, "env_id": "widowx_reacher-v7"}
r,l,t
-1.002259,100,1.916986
-1.930938,100,2.103473
-3.622944,100,2.290292
-2.029505,100,2.48164
-0.69123,100,2.673079
-2.57655,100,2.86132
-1.840909,100,3.053232
-0.464414,100,3.245948
-1.493444,100,3.438971
-3.577745,100,3.629558
-1.161623,100,3.81794
-1.82839,100,4.008218
