#{"t_start": 1592510180.949593, "env_id": "widowx_reacher-v7"}
r,l,t
-2.873961,100,1.891382
-1.738399,100,2.077849
-2.938564,100,2.264668
-1.960406,100,2.456015
-2.411766,100,2.647463
-2.956096,100,2.835694
-0.385446,100,3.027607
-1.370801,100,3.22033
-3.955584,100,3.413357
-0.575632,100,3.60393
-1.287527,100,3.79232
-0.4668,100,3.982594
