#{"t_start": 1592422782.2736406, "env_id": "widowx_reacher-v5"}
r,l,t
-0.311049,100,5.038008
-0.601661,100,5.25608
-0.498468,100,5.489909
-0.910997,100,5.722906
-0.421911,100,5.962198
-0.495271,100,6.192813
-1.057454,100,6.423245
-0.546473,100,6.654566
-0.549984,100,6.894108
-0.775464,100,7.126322
-0.8708,100,7.359444
-0.972611,100,7.596927
