#{"t_start": 1592422782.2978406, "env_id": "widowx_reacher-v5"}
r,l,t
-1.24726,100,5.01424
-1.646027,100,5.232183
-1.432832,100,5.466007
-1.376451,100,5.699002
-1.620095,100,5.938296
-2.722549,100,6.16893
-2.50909,100,6.39934
-1.098849,100,6.630673
-2.396989,100,6.870207
-2.25056,100,7.10244
-2.413705,100,7.335559
-2.393507,100,7.573044
