#{"t_start": 1592422782.3216457, "env_id": "widowx_reacher-v5"}
r,l,t
-1.842545,100,4.990748
-2.509957,100,5.208651
-3.838779,100,5.442472
-3.066501,100,5.675468
-1.323999,100,5.914761
-5.291853,100,6.145396
-2.729184,100,6.375813
-4.290031,100,6.607142
-2.597104,100,6.846674
-2.612394,100,7.078913
-3.774039,100,7.312035
-4.139645,100,7.549529
