#{"t_start": 1592422782.4430978, "env_id": "widowx_reacher-v5"}
r,l,t
-1.205298,100,4.870797
-1.953795,100,5.088541
-0.892991,100,5.322325
-4.108389,100,5.555315
-4.257667,100,5.794622
-2.396185,100,6.025246
-5.588491,100,6.255666
-1.611687,100,6.487037
-5.957696,100,6.726545
-4.045792,100,6.958793
-3.874737,100,7.191895
-1.814974,100,7.429444
