#{"t_start": 1592510386.1148682, "env_id": "widowx_reacher-v7"}
r,l,t
-2.843974,100,1.79165
-0.72445,100,1.977565
-0.782143,100,2.163972
-1.683839,100,2.351792
-4.936748,100,2.543373
-0.120806,100,2.738108
-0.721871,100,2.930538
-0.207231,100,3.122136
-2.043126,100,3.316807
-0.906871,100,3.509521
-1.487176,100,3.70258
-2.096827,100,3.893746
