#{"t_start": 1592510386.1403, "env_id": "widowx_reacher-v7"}
r,l,t
-0.8275,100,1.76662
-1.644058,100,1.952471
-1.272282,100,2.138874
-2.222397,100,2.326702
-2.159259,100,2.518275
-0.770587,100,2.713012
-5.611145,100,2.905441
-0.987066,100,3.097038
-0.775979,100,3.291719
-2.843445,100,3.484423
-1.309487,100,3.677487
-0.933162,100,3.868655
