#{"t_start": 1592510386.2173324, "env_id": "widowx_reacher-v7"}
r,l,t
-1.21529,100,1.690542
-1.415104,100,1.876348
-1.473403,100,2.062748
-3.052203,100,2.250573
-4.190453,100,2.442147
-0.49416,100,2.636887
-3.036386,100,2.829319
-0.497521,100,3.020915
-0.690822,100,3.215596
-1.383668,100,3.4083
-1.280565,100,3.601357
-0.711586,100,3.792526
