#{"t_start": 1592510386.2684546, "env_id": "widowx_reacher-v7"}
r,l,t
-0.143818,100,1.640028
-0.663634,100,1.825819
-2.110816,100,2.012211
-2.94251,100,2.200034
-1.339141,100,2.391613
-2.14664,100,2.58635
-2.956075,100,2.778791
-0.41405,100,2.970381
-2.112893,100,3.165058
-2.150568,100,3.357768
-1.864335,100,3.550826
-0.677434,100,3.741989
