#{"t_start": 1592510386.2944403, "env_id": "widowx_reacher-v7"}
r,l,t
-1.040558,100,1.614375
-0.921154,100,1.800125
-2.753909,100,1.986519
-3.819215,100,2.174343
-3.293846,100,2.365916
-1.037606,100,2.560654
-2.411059,100,2.753094
-2.046291,100,2.944686
-1.075713,100,3.13937
-1.894249,100,3.332069
-0.738512,100,3.525129
-2.920357,100,3.716292
