#{"t_start": 1589903779.4384692, "env_id": "widowx_reach-v3"}
r,l,t
-1.560355,100,0.999631
-1.130013,100,1.13939
-1.174519,100,1.274796
-2.456108,100,1.410492
-0.677745,100,1.546798
-1.286799,100,1.682054
-1.213798,100,1.817114
-1.030638,100,1.947282
-0.679076,100,2.081924
-0.926727,100,2.219325
-1.02876,100,2.355624
-1.136994,100,2.489259
