#{"t_start": 1589903779.4995992, "env_id": "widowx_reach-v3"}
r,l,t
-0.769536,100,0.939457
-2.999479,100,1.079
-3.602749,100,1.2144
-1.673074,100,1.350107
-1.753266,100,1.486421
-2.827024,100,1.62168
-2.308198,100,1.756732
-1.585689,100,1.886867
-2.582587,100,2.021855
-2.938486,100,2.158953
-1.292122,100,2.295228
-5.909593,100,2.428869
