Eval mean reward,Eval std,success ratio,Average reach time,Train walltime (s)
-0.6423607920878567,0.3282299089440319,0.0,,2.5208120346069336
