#{"t_start": 1592422979.5389895, "env_id": "widowx_reacher-v5"}
r,l,t
-1.457781,100,2.125728
-2.369052,100,2.316515
-1.670729,100,2.507185
-1.338859,100,2.69823
-1.493986,100,2.891892
-2.147166,100,3.086163
-1.152947,100,3.278054
-1.731351,100,3.461073
-1.760412,100,3.648893
-1.95874,100,3.833679
-2.030531,100,4.017365
-1.29017,100,4.200763
