#{"t_start": 1592422979.5631685, "env_id": "widowx_reacher-v5"}
r,l,t
-1.827802,100,2.101891
-2.263316,100,2.292638
-1.496339,100,2.483313
-1.585909,100,2.674358
-2.574734,100,2.868013
-1.73624,100,3.062291
-2.487155,100,3.254243
-1.642339,100,3.437199
-1.63422,100,3.62502
-1.963808,100,3.809802
-1.783124,100,3.993495
-1.60492,100,4.176885
