#{"t_start": 1592510191.5163906, "env_id": "widowx_reacher-v7"}
r,l,t
-1.890751,100,4.678166
-2.827184,100,4.921002
-0.802889,100,5.18413
-0.658498,100,5.44348
-2.568461,100,5.705863
-2.444548,100,5.95964
-3.461734,100,6.221134
-4.035602,100,6.483971
-3.880397,100,6.756366
-6.717271,100,7.018301
-1.790517,100,7.282124
-0.748508,100,7.542782
