#{"t_start": 1592510191.567273, "env_id": "widowx_reacher-v7"}
r,l,t
-1.641478,100,4.628046
-2.478926,100,4.870781
-1.296035,100,5.133903
-2.70702,100,5.393255
-1.968129,100,5.655637
-0.583104,100,5.909404
-3.639279,100,6.170935
-4.671271,100,6.433794
-1.659335,100,6.706163
-3.484133,100,6.968116
-2.426558,100,7.2319
-2.825243,100,7.492556
