#{"t_start": 1592510191.6438327, "env_id": "widowx_reacher-v7"}
r,l,t
-0.432703,100,4.552443
-2.220142,100,4.795127
-1.582012,100,5.058245
-0.685558,100,5.317603
-4.84077,100,5.579976
-1.113247,100,5.83375
-2.571461,100,6.095284
-6.550061,100,6.35817
-5.599464,100,6.630572
-1.632394,100,6.892504
-1.519763,100,7.156271
-5.373158,100,7.416915
