#{"t_start": 1592510191.669507, "env_id": "widowx_reacher-v7"}
r,l,t
-0.290887,100,4.527081
-1.680468,100,4.769748
-4.761207,100,5.032872
-1.883207,100,5.292223
-0.501009,100,5.554599
-2.574886,100,5.808385
-1.093748,100,6.069907
-2.858411,100,6.332815
-4.793315,100,6.605215
-3.238158,100,6.867145
-7.189781,100,7.130914
-4.955279,100,7.391544
