#{"t_start": 1592510191.6950586, "env_id": "widowx_reacher-v7"}
r,l,t
-1.56978,100,4.501843
-1.684914,100,4.744489
-6.606497,100,5.007614
-1.275618,100,5.266973
-3.084441,100,5.529342
-1.544478,100,5.78313
-1.22953,100,6.04465
-3.699407,100,6.307558
-1.60393,100,6.579969
-4.397914,100,6.841914
-1.265962,100,7.105659
-1.239482,100,7.366287
