mean_walltime,std_walltime
5.199852109352747,2.7222246857407746
