#{"t_start": 1592864983.575715, "env_id": "widowx_reacher-v7"}
r,l,t
-1.21438,100,8.859587
-2.943954,100,9.698786
-2.309274,100,10.200835
-2.516484,100,11.056954
-1.969927,100,11.921355
-0.273238,100,12.433286
-3.55826,100,13.287297
-1.616319,100,13.798495
-1.179702,100,14.665271
-2.218341,100,15.5201
-1.977715,100,16.017177
-2.798255,100,16.879181
