#{"t_start": 1592864984.3059726, "env_id": "widowx_reacher-v7"}
r,l,t
-1.117241,100,8.129604
-2.266307,100,8.96878
-1.494304,100,9.470842
-2.132165,100,10.326969
-2.260505,100,11.191375
-1.788913,100,11.703296
-0.648467,100,12.557308
-3.165074,100,13.068504
-2.720839,100,13.935292
-1.036319,100,14.79011
-0.456239,100,15.287154
-3.326891,100,16.149201
