#{"t_start": 1592864985.310976, "env_id": "widowx_reacher-v7"}
r,l,t
-1.879387,100,7.124825
-2.166354,100,7.963993
-2.29244,100,8.466064
-3.414996,100,9.322191
-0.3019,100,10.186611
-0.957884,100,10.698519
-5.922739,100,11.552541
-1.083993,100,12.063738
-1.670949,100,12.930521
-2.613268,100,13.785333
-0.742869,100,14.282365
-1.875139,100,15.144421
