#{"t_start": 1592864985.940915, "env_id": "widowx_reacher-v7"}
r,l,t
-3.664193,100,6.495087
-2.515147,100,7.334251
-1.556468,100,7.836323
-0.303446,100,8.692451
-2.543094,100,9.556879
-1.731317,100,10.068794
-1.223095,100,10.92281
-0.133041,100,11.434004
-2.489536,100,12.300805
-1.261652,100,13.155605
-1.741682,100,13.65263
-2.275172,100,14.514697
