#{"t_start": 1592864986.7915485, "env_id": "widowx_reacher-v7"}
r,l,t
-1.827746,100,5.64465
-2.593673,100,6.483811
-3.266479,100,6.985885
-2.593057,100,7.842028
-1.198976,100,8.706446
-0.295037,100,9.21836
-0.599142,100,10.072378
-1.013885,100,10.583571
-2.927862,100,11.450377
-2.468155,100,12.305173
-2.928512,100,12.802191
-1.504375,100,13.664266
