#{"t_start": 1592864988.0203235, "env_id": "widowx_reacher-v7"}
r,l,t
-1.190455,100,4.41607
-5.216955,100,5.255235
-2.784788,100,5.757314
-3.007619,100,6.613448
-3.785073,100,7.477868
-1.556114,100,7.989782
-0.573301,100,8.8438
-2.767923,100,9.354992
-2.144746,100,10.221802
-1.221612,100,11.076596
-3.99035,100,11.573608
-1.36657,100,12.435691
