#{"t_start": 1592864989.5010214, "env_id": "widowx_reacher-v7"}
r,l,t
-2.194497,100,2.935578
-1.680545,100,3.774728
-2.870607,100,4.276815
-0.641118,100,5.132942
-1.136098,100,5.997367
-3.055717,100,6.509278
-1.770159,100,7.3633
-2.416166,100,7.8745
-2.193048,100,8.741308
-1.344155,100,9.596096
-1.622225,100,10.093101
-1.947314,100,10.95519
