#{"t_start": 1592864990.4477623, "env_id": "widowx_reacher-v7"}
r,l,t
-2.909548,100,1.989033
-2.097858,100,2.828177
-3.185222,100,3.33027
-0.81453,100,4.186395
-3.412413,100,5.050835
-2.430838,100,5.562731
-2.953128,100,6.416763
-0.222248,100,6.927958
-2.739581,100,7.794778
-1.228927,100,8.64955
-2.028652,100,9.146553
-0.470178,100,10.008646
