#{"t_start": 1589903784.29327, "env_id": "widowx_reach-v3"}
r,l,t
-1.397701,100,2.636807
-2.285228,100,2.780753
-1.609349,100,2.936272
-1.189718,100,3.090631
-2.396389,100,3.250759
-1.519824,100,3.407115
-1.999928,100,3.561745
-1.197146,100,3.717906
-1.778963,100,3.880984
-1.950525,100,4.038686
-1.865954,100,4.194962
-2.472135,100,4.353119
