#{"t_start": 1589903784.3240042, "env_id": "widowx_reach-v3"}
r,l,t
-0.813427,100,2.606474
-1.19632,100,2.750423
-1.192962,100,2.905937
-1.588844,100,3.060298
-1.126371,100,3.220421
-1.195535,100,3.376779
-0.597723,100,3.531407
-1.968662,100,3.687654
-2.302993,100,3.85066
-1.613762,100,4.008362
-2.044101,100,4.164635
-1.498386,100,4.322781
