Eval mean reward,Eval std,success ratio,Average reach time,Train walltime (s)
-1.6028204577276484,0.9429629824287616,0.0,,4.354444980621338
