#{"t_start": 1600280312.817196, "env_id": "widowx_reacher-v5"}
r,l,t
-0.581913,100,1.1849
-6.35275,100,1.475811
-2.392422,100,1.618416
-2.979263,100,1.765033
-3.158984,100,1.892498
-2.010481,100,2.036565
-2.173293,100,2.178872
-2.407982,100,2.318703
-1.659931,100,2.462649
-2.694595,100,2.584141
-1.818249,100,2.722698
