#{"t_start": 1600280312.8631272, "env_id": "widowx_reacher-v5"}
r,l,t
-1.943903,100,1.139475
-2.002334,100,1.430397
-3.349761,100,1.573015
-3.76731,100,1.719673
-1.999393,100,1.847087
-4.297981,100,1.99117
-1.827193,100,2.133463
-2.76099,100,2.273288
-2.599583,100,2.41724
-2.819335,100,2.538708
-3.575165,100,2.67728
