#{"t_start": 1600280312.8783689, "env_id": "widowx_reacher-v5"}
r,l,t
-2.102488,100,1.12442
-1.456701,100,1.41532
-3.350207,100,1.557944
-1.789281,100,1.704606
-2.374033,100,1.832012
-2.475366,100,1.976101
-3.544239,100,2.118389
-4.321409,100,2.258216
-3.453963,100,2.402169
-2.869005,100,2.523629
-3.9878,100,2.662207
