#{"t_start": 1600280280.2440605, "env_id": "widowx_reacher-v5"}
r,l,t
-2.333455,100,1.198109
-3.090063,100,1.349984
-1.510146,100,1.496477
-3.613606,100,1.665937
-2.047417,100,1.830671
-1.492398,100,1.977304
-1.709663,100,2.124475
-3.332692,100,2.285624
-2.395171,100,2.458532
-1.719915,100,2.606436
-1.980673,100,2.785927
-4.449413,100,2.932645
