#{"t_start": 1600280280.2754295, "env_id": "widowx_reacher-v5"}
r,l,t
-3.14501,100,1.167137
-1.567993,100,1.31899
-3.113424,100,1.465539
-2.751681,100,1.635052
-2.160418,100,1.799694
-3.560568,100,1.946352
-1.999419,100,2.093481
-2.310991,100,2.254805
-4.870945,100,2.427589
-2.940007,100,2.575506
-2.140109,100,2.754934
-2.968391,100,2.901718
