#{"t_start": 1600280280.321434, "env_id": "widowx_reacher-v5"}
r,l,t
-2.933216,100,1.121639
-3.459145,100,1.273487
-4.131489,100,1.420089
-3.772109,100,1.589615
-0.851143,100,1.754214
-3.945712,100,1.900865
-1.636308,100,2.047974
-2.688731,100,2.209551
-3.34831,100,2.38213
-1.328748,100,2.530059
-1.30728,100,2.709434
-6.629537,100,2.856317
