#{"t_start": 1592510396.7676058, "env_id": "widowx_reacher-v7"}
r,l,t
-1.411727,100,4.663322
-2.165244,100,4.889094
-2.113614,100,5.133235
-1.187118,100,5.379296
-0.256678,100,5.640124
-5.190539,100,5.904409
-4.780224,100,6.17352
-1.055682,100,6.440354
-0.619576,100,6.716078
-4.539387,100,6.982611
-0.444327,100,7.246315
-3.598267,100,7.511599
