#{"t_start": 1592510396.844867, "env_id": "widowx_reacher-v7"}
r,l,t
-0.923381,100,4.586997
-1.36286,100,4.812743
-2.48306,100,5.056857
-2.056157,100,5.302927
-1.688551,100,5.56375
-3.785087,100,5.828042
-1.285643,100,6.097148
-0.385534,100,6.364024
-5.382547,100,6.639715
-3.038934,100,6.906265
-2.091352,100,7.16997
-1.173594,100,7.435269
