#{"t_start": 1593163814.2656069, "env_id": "widowx_reacher-v5"}
r,l,t
-4.513966,100,1.066127
-1.485542,100,1.190172
-3.791542,100,1.310786
-4.053247,100,1.433073
-2.173467,100,1.556919
-6.068226,100,1.954498
-1.575272,100,2.075529
-2.612217,100,2.195038
-5.313421,100,2.316372
-4.415062,100,2.436536
