#{"t_start": 1593163814.2809806, "env_id": "widowx_reacher-v5"}
r,l,t
-4.305587,100,1.050969
-5.398433,100,1.174992
-2.91134,100,1.295612
-0.571216,100,1.417897
-5.827768,100,1.541738
-4.633948,100,1.939328
-7.215784,100,2.060359
-3.259715,100,2.179864
-6.047661,100,2.301203
-2.207234,100,2.421358
