#{"t_start": 1593163814.2963164, "env_id": "widowx_reacher-v5"}
r,l,t
-0.99705,100,1.036417
-2.463685,100,1.159827
-4.348387,100,1.280448
-1.778102,100,1.402735
-3.5918,100,1.526573
-5.466629,100,1.924168
-2.182215,100,2.045199
-4.026682,100,2.164712
-4.392127,100,2.286039
-0.725608,100,2.406193
