#{"t_start": 1593163814.3115828, "env_id": "widowx_reacher-v5"}
r,l,t
-3.124492,100,1.021333
-2.624155,100,1.144728
-2.709799,100,1.26535
-1.718844,100,1.387636
-2.291995,100,1.511474
-4.355094,100,1.909073
-5.455402,100,2.030118
-6.789782,100,2.149616
-4.730488,100,2.27094
-5.310063,100,2.391094
