#{"t_start": 1593163814.3268704, "env_id": "widowx_reacher-v5"}
r,l,t
-2.503902,100,1.006222
-2.221528,100,1.129606
-0.688237,100,1.250226
-4.397258,100,1.372512
-3.38026,100,1.496351
-2.589719,100,1.893955
-2.214063,100,2.015002
-3.615237,100,2.134495
-4.951218,100,2.25583
-6.73435,100,2.375971
