#{"t_start": 1593163814.3421903, "env_id": "widowx_reacher-v5"}
r,l,t
-3.125903,100,0.991073
-3.631927,100,1.114451
-1.153163,100,1.23507
-2.146341,100,1.357356
-2.349346,100,1.481197
-5.47329,100,1.878803
-3.46792,100,1.999857
-5.873859,100,2.11934
-6.188293,100,2.240675
-4.551893,100,2.360816
