#{"t_start": 1593163814.3572233, "env_id": "widowx_reacher-v5"}
r,l,t
-6.053956,100,0.976209
-2.024871,100,1.09958
-4.079717,100,1.220199
-3.844059,100,1.342486
-4.601026,100,1.466326
-1.578095,100,1.863937
-6.290979,100,1.984992
-4.785655,100,2.104472
-1.439587,100,2.225805
-5.984195,100,2.345959
