#{"t_start": 1593163814.3722496, "env_id": "widowx_reacher-v5"}
r,l,t
-3.432307,100,0.96135
-4.19043,100,1.084716
-3.778253,100,1.205337
-3.088435,100,1.327624
-4.003261,100,1.451461
-2.135883,100,1.849078
-5.223657,100,1.970134
-3.496685,100,2.08961
-2.792759,100,2.210943
-4.251714,100,2.331096
