#{"t_start": 1593165924.0205364, "env_id": "widowx_reacher-v5"}
r,l,t
-1.502076,100,3.98893
-3.083786,100,4.182656
-1.375041,100,4.367596
-4.199532,100,4.553741
-3.304498,100,4.736327
-1.884073,100,5.251424
-3.335749,100,5.431459
-1.59654,100,5.607158
-1.036107,100,5.783803
-1.493941,100,5.964236
