#{"t_start": 1593165924.045071, "env_id": "widowx_reacher-v5"}
r,l,t
-3.514331,100,3.964648
-1.662406,100,4.158367
-3.780882,100,4.343258
-2.143641,100,4.529401
-4.672776,100,4.711987
-1.694116,100,5.22711
-1.310241,100,5.407134
-2.880643,100,5.58282
-2.187296,100,5.759466
-3.137819,100,5.939898
