#{"t_start": 1593165924.0708938, "env_id": "widowx_reacher-v5"}
r,l,t
-1.630111,100,3.939008
-1.715971,100,4.132729
-1.492288,100,4.317613
-1.581168,100,4.503757
-4.079003,100,4.686351
-3.860614,100,5.201469
-1.796028,100,5.381493
-1.000692,100,5.557177
-1.182851,100,5.733824
-4.91498,100,5.914264
