#{"t_start": 1593165924.096909, "env_id": "widowx_reacher-v5"}
r,l,t
-2.932677,100,3.913167
-1.365376,100,4.106894
-2.428994,100,4.291772
-1.779013,100,4.477915
-4.360932,100,4.66051
-3.069532,100,5.17563
-2.211636,100,5.355655
-2.348306,100,5.531349
-4.403059,100,5.707985
-0.939177,100,5.888424
