#{"t_start": 1593165924.1226668, "env_id": "widowx_reacher-v5"}
r,l,t
-3.137142,100,3.887592
-3.145063,100,4.081316
-3.628672,100,4.266186
-3.097935,100,4.452328
-2.604408,100,4.634924
-1.921938,100,5.150046
-2.576552,100,5.330072
-4.576421,100,5.505766
-1.425915,100,5.682401
-2.435658,100,5.86284
