#{"t_start": 1593165924.1469388, "env_id": "widowx_reacher-v5"}
r,l,t
-2.033825,100,3.863499
-3.742189,100,4.057235
-1.677937,100,4.242083
-2.972446,100,4.42824
-2.890577,100,4.610821
-2.401692,100,5.125947
-4.678477,100,5.305973
-4.706034,100,5.481665
-0.768571,100,5.658311
-1.924439,100,5.83874
