#{"t_start": 1593165924.1717606, "env_id": "widowx_reacher-v5"}
r,l,t
-1.583025,100,3.838842
-2.3646,100,4.032587
-3.307225,100,4.217441
-5.293733,100,4.403589
-2.565178,100,4.586168
-3.571158,100,5.101296
-3.492337,100,5.281331
-2.766089,100,5.457013
-1.556657,100,5.633662
-5.193801,100,5.814087
