#{"t_start": 1593165924.196046, "env_id": "widowx_reacher-v5"}
r,l,t
-2.396397,100,3.81472
-5.93287,100,4.00847
-1.373044,100,4.193325
-2.84894,100,4.379471
-1.828203,100,4.562059
-3.446589,100,5.077191
-1.471584,100,5.257236
-4.219824,100,5.432899
-6.221572,100,5.609545
-4.627649,100,5.789972
