#{"t_start": 1589903697.7642043, "env_id": "widowx_reach-v3"}
r,l,t
-2.709901,100,0.935794
-3.835849,100,1.081746
-2.040741,100,1.21901
-3.269974,100,1.357142
-1.684781,100,1.491411
-2.273137,100,1.625342
-3.538537,100,1.761574
-4.701844,100,1.893517
-2.101813,100,2.028435
-4.135792,100,2.162554
-1.288758,100,2.294905
-2.391025,100,2.428547
