#{"t_start": 1592422979.587646, "env_id": "widowx_reacher-v5"}
r,l,t
-0.63001,100,2.077705
-0.653694,100,2.268437
-1.36873,100,2.459115
-0.374814,100,2.650157
-1.294818,100,2.843815
-0.945128,100,3.038092
-0.76834,100,3.230077
-0.628541,100,3.413008
-0.631231,100,3.60083
-1.096709,100,3.785602
-1.55752,100,3.969297
-0.699347,100,4.152683
