#{"t_start": 1592422979.612091, "env_id": "widowx_reacher-v5"}
r,l,t
-2.799376,100,2.053546
-0.775944,100,2.244258
-1.571288,100,2.434936
-1.561003,100,2.625997
-1.269729,100,2.819639
-1.279643,100,3.013915
-2.366344,100,3.205921
-1.552289,100,3.388834
-3.070713,100,3.57666
-1.526491,100,3.761432
-1.66878,100,3.945121
-1.203717,100,4.128516
