#{"t_start": 1592422979.6362245, "env_id": "widowx_reacher-v5"}
r,l,t
-1.862193,100,2.029687
-2.136692,100,2.220395
-1.564351,100,2.411065
-1.972858,100,2.602128
-4.51414,100,2.795769
-3.34593,100,2.990046
-1.36052,100,3.182068
-2.624024,100,3.364966
-2.499872,100,3.552792
-1.385618,100,3.737565
-2.286556,100,3.921259
-3.129108,100,4.104651
