#{"t_start": 1592422979.6606588, "env_id": "widowx_reacher-v5"}
r,l,t
-2.407147,100,2.005519
-2.419022,100,2.196226
-1.150046,100,2.386899
-1.838084,100,2.57796
-2.804274,100,2.771596
-2.495089,100,2.965879
-0.874427,100,3.157917
-0.845002,100,3.340802
-0.996406,100,3.52862
-0.920791,100,3.713391
-2.048249,100,3.897091
-0.638669,100,4.080478
