#{"t_start": 1592422979.684832, "env_id": "widowx_reacher-v5"}
r,l,t
-1.841775,100,1.981614
-1.696558,100,2.172315
-2.814427,100,2.362989
-3.587046,100,2.554047
-3.601841,100,2.747689
-2.107792,100,2.941967
-1.655068,100,3.134022
-1.190939,100,3.316895
-1.671553,100,3.504716
-4.667087,100,3.689477
-1.944923,100,3.87318
-2.900699,100,4.056564
