#{"t_start": 1592422979.7089214, "env_id": "widowx_reacher-v5"}
r,l,t
-3.13625,100,1.957802
-3.200315,100,2.148481
-2.136652,100,2.339157
-2.62346,100,2.530214
-2.003504,100,2.723859
-2.486066,100,2.918137
-2.610126,100,3.110209
-2.523415,100,3.293068
-2.275846,100,3.480893
-2.086977,100,3.665657
-1.738633,100,3.849354
-2.222052,100,4.032742
