#{"t_start": 1592422828.0169337, "env_id": "widowx_reacher-v5"}
r,l,t
-0.445957,100,2.039057
-0.371045,100,2.225977
-0.354269,100,3.187457
-0.722133,100,3.359395
-0.506644,100,3.530442
-0.55275,100,4.196844
-0.564369,100,4.368776
-0.784275,100,5.038885
-1.028242,100,5.209671
-1.259452,100,5.380255
