#{"t_start": 1592422828.0636964, "env_id": "widowx_reacher-v5"}
r,l,t
-1.84825,100,1.992952
-2.006308,100,2.179796
-1.74195,100,3.14131
-1.758415,100,3.313223
-1.974415,100,3.484269
-1.87515,100,4.150668
-2.019176,100,4.322594
-2.308846,100,4.992714
-1.685085,100,5.163484
-3.644069,100,5.334072
