#{"t_start": 1592422828.1108418, "env_id": "widowx_reacher-v5"}
r,l,t
-1.814228,100,1.946376
-0.949546,100,2.133186
-2.255233,100,3.094719
-1.311306,100,3.266624
-0.873665,100,3.43767
-1.337351,100,4.10407
-2.09632,100,4.275999
-2.006291,100,4.946147
-1.884718,100,5.116878
-1.64823,100,5.287459
