#{"t_start": 1589927644.0381253, "env_id": "widowx_reach-v3"}
r,l,t
-0.323268,100,1.894129
-0.317099,100,2.09569
-0.658883,100,3.081022
-0.724162,100,3.261792
-1.02234,100,3.442798
-0.980583,100,4.1309
-0.401681,100,4.331198
-0.713434,100,5.031803
-0.601005,100,5.220695
-0.556031,100,5.410438
