#{"t_start": 1589927644.062937, "env_id": "widowx_reach-v3"}
r,l,t
-1.088288,100,1.869685
-1.623602,100,2.071216
-1.014538,100,3.056561
-2.091658,100,3.237319
-2.000284,100,3.418322
-1.702143,100,4.106433
-1.444742,100,4.306715
-1.620788,100,5.007332
-1.505508,100,5.196217
-1.393394,100,5.385952
