#{"t_start": 1589927644.0873032, "env_id": "widowx_reach-v3"}
r,l,t
-1.858301,100,1.845639
-1.967679,100,2.047157
-1.745734,100,3.032513
-1.925974,100,3.213259
-1.512226,100,3.39426
-1.390558,100,4.082375
-1.796962,100,4.282653
-3.77503,100,4.98327
-1.414378,100,5.172155
-1.942784,100,5.361897
