#{"t_start": 1589927644.1118574, "env_id": "widowx_reach-v3"}
r,l,t
-0.595839,100,1.821399
-0.764887,100,2.0229
-0.823006,100,3.008273
-0.777062,100,3.189001
-0.832285,100,3.370001
-1.456774,100,4.058138
-0.811397,100,4.258403
-1.023866,100,4.959011
-0.732245,100,5.147895
-1.3808,100,5.337641
