#{"t_start": 1589927644.1613941, "env_id": "widowx_reach-v3"}
r,l,t
-3.236893,100,1.772483
-2.518369,100,1.973959
-2.707016,100,2.959342
-2.739397,100,3.140079
-2.743385,100,3.32107
-2.118535,100,4.009203
-1.893336,100,4.209453
-2.942961,100,4.910068
-2.490802,100,5.09895
-2.590625,100,5.288716
