#{"t_start": 1589927644.1859605, "env_id": "widowx_reach-v3"}
r,l,t
-1.852419,100,1.748232
-1.137046,100,1.949689
-1.540084,100,2.935076
-1.290626,100,3.115802
-1.188234,100,3.29679
-1.599037,100,3.984933
-1.156691,100,4.185186
-0.837562,100,4.885791
-1.202992,100,5.074674
-1.369142,100,5.264441
