mean_walltime,std_walltime
2.2362286245822904,1.168474901848306
