#{"t_start": 1600280286.2081823, "env_id": "widowx_reacher-v5"}
r,l,t
-2.54408,100,2.945225
-1.836218,100,3.082343
-1.698318,100,3.232529
-2.293493,100,3.386248
-2.374346,100,3.539635
-2.097779,100,3.688633
-1.543772,100,3.855305
-1.385096,100,4.009631
-2.008485,100,4.16591
-1.431499,100,4.320724
-1.645099,100,4.480559
-2.225169,100,4.645821
