#{"t_start": 1600280286.223367, "env_id": "widowx_reacher-v5"}
r,l,t
-3.874093,100,2.930207
-7.394305,100,3.067324
-2.555265,100,3.217513
-2.338782,100,3.371244
-2.033812,100,3.524619
-2.490081,100,3.673612
-1.776646,100,3.840308
-3.107576,100,3.994628
-2.78078,100,4.150893
-1.8777,100,4.305758
-1.857125,100,4.465547
-5.373883,100,4.630806
