#{"t_start": 1600280286.2385173, "env_id": "widowx_reacher-v5"}
r,l,t
-1.249384,100,2.915233
-2.811503,100,3.052347
-1.37589,100,3.202541
-2.777639,100,3.356286
-2.397486,100,3.509645
-2.191081,100,3.658622
-2.740725,100,3.82533
-1.661362,100,3.97967
-1.95591,100,4.135907
-2.485265,100,4.290779
-2.116877,100,4.450566
-1.670192,100,4.615833
