#{"t_start": 1600280286.253831, "env_id": "widowx_reacher-v5"}
r,l,t
-5.262114,100,2.900084
-1.641589,100,3.037245
-1.78229,100,3.187405
-2.060112,100,3.341139
-6.604647,100,3.494509
-5.429207,100,3.643467
-2.215835,100,3.810201
-2.526378,100,3.964547
-1.554037,100,4.120769
-1.543611,100,4.275645
-1.872885,100,4.435421
-1.323124,100,4.600696
