#{"t_start": 1589903779.4537616, "env_id": "widowx_reach-v3"}
r,l,t
-2.579357,100,0.98458
-2.90156,100,1.124285
-1.93646,100,1.259689
-3.448008,100,1.395388
-3.231585,100,1.531693
-2.731703,100,1.666953
-2.799879,100,1.802006
-2.916767,100,1.93217
-0.807307,100,2.066995
-1.996459,100,2.204223
-2.816724,100,2.340516
-1.367599,100,2.474158
