#{"t_start": 1589903779.4842005, "env_id": "widowx_reach-v3"}
r,l,t
-1.177165,100,0.954619
-1.26109,100,1.094215
-2.231501,100,1.229616
-1.149051,100,1.36532
-1.893347,100,1.501623
-1.247421,100,1.636892
-0.856129,100,1.771947
-2.258202,100,1.902087
-1.082713,100,2.037063
-0.850839,100,2.174163
-0.983042,100,2.310443
-0.786703,100,2.444085
