#{"t_start": 1589903779.5148404, "env_id": "widowx_reach-v3"}
r,l,t
-1.874713,100,0.924452
-3.303642,100,1.063943
-2.998902,100,1.199343
-2.009504,100,1.33505
-3.467988,100,1.471366
-1.984978,100,1.606626
-2.543724,100,1.741673
-3.150864,100,1.871803
-4.550515,100,2.006801
-2.50453,100,2.143898
-2.995599,100,2.280167
-1.691756,100,2.413811
