Eval mean reward,Eval std,success ratio,Average reach time,Train walltime (s)
-0.6999642783077433,0.10025923950361304,0.0,,3.2539610862731934
