#{"t_start": 1593163787.945722, "env_id": "widowx_reacher-v5"}
r,l,t
-2.188791,100,2.787549
-1.579437,100,2.90929
-3.29768,100,3.031037
-2.106535,100,3.16457
-4.342444,100,3.296954
-3.814878,100,3.430191
-3.789136,100,3.56457
-2.73615,100,3.69702
-4.334601,100,3.834846
-4.534322,100,3.968809
-1.972171,100,4.103389
-2.146265,100,4.236476
