#{"t_start": 1593163787.9609087, "env_id": "widowx_reacher-v5"}
r,l,t
-4.975442,100,2.772563
-2.497345,100,2.8943
-2.904606,100,3.016037
-2.067449,100,3.149569
-2.209467,100,3.281956
-3.064181,100,3.415197
-3.378976,100,3.549576
-1.782728,100,3.682021
-4.190719,100,3.819849
-3.787711,100,3.953813
-5.314975,100,4.088387
-1.418034,100,4.221478
