#{"t_start": 1593163787.976073, "env_id": "widowx_reacher-v5"}
r,l,t
-3.466666,100,2.757562
-1.557275,100,2.879302
-5.041422,100,3.001032
-5.599371,100,3.134577
-1.038863,100,3.266952
-3.380002,100,3.400197
-2.581683,100,3.534588
-2.332413,100,3.667018
-2.702904,100,3.804844
-2.444219,100,3.938812
-2.423472,100,4.073384
-1.531062,100,4.206475
