#{"t_start": 1593163787.9909656, "env_id": "widowx_reacher-v5"}
r,l,t
-1.456022,100,2.742824
-3.109025,100,2.86457
-5.798436,100,2.986294
-3.004675,100,3.11984
-3.880697,100,3.252217
-4.561942,100,3.385464
-1.424793,100,3.519858
-3.084378,100,3.652282
-3.964111,100,3.790133
-3.954794,100,3.924078
-2.361797,100,4.058648
-3.204541,100,4.191739
