#{"t_start": 1593163788.005828, "env_id": "widowx_reacher-v5"}
r,l,t
-1.726185,100,2.728123
-3.072752,100,2.8499
-3.428835,100,2.971585
-3.963749,100,3.105133
-5.991442,100,3.23751
-2.417204,100,3.370761
-2.313484,100,3.505155
-1.546087,100,3.637575
-2.45627,100,3.775507
-3.545729,100,3.909375
-5.216227,100,4.043939
-5.128362,100,4.177032
