#{"t_start": 1593163788.020796, "env_id": "widowx_reacher-v5"}
r,l,t
-6.988837,100,2.71331
-3.805357,100,2.835093
-2.481891,100,2.95677
-1.349361,100,3.090318
-2.625375,100,3.222696
-1.628177,100,3.356019
-3.037284,100,3.490344
-4.919391,100,3.62276
-1.7373,100,3.76071
-1.942339,100,3.894564
-2.060183,100,4.029124
-3.015348,100,4.162219
