#{"t_start": 1593163788.0356884, "env_id": "widowx_reacher-v5"}
r,l,t
-2.996229,100,2.698573
-5.102953,100,2.820359
-1.812068,100,2.94203
-5.545011,100,3.075578
-2.663598,100,3.207957
-2.857294,100,3.341283
-3.582416,100,3.475609
-4.758926,100,3.608021
-5.107492,100,3.745972
-3.980387,100,3.879829
-2.831646,100,4.01439
-2.800609,100,4.147481
