#{"t_start": 1593163788.0506716, "env_id": "widowx_reacher-v5"}
r,l,t
-4.531507,100,2.683743
-1.451055,100,2.805547
-1.968198,100,2.9272
-3.545505,100,3.060748
-1.631246,100,3.193129
-4.583234,100,3.326455
-1.90234,100,3.460781
-2.904067,100,3.593192
-2.153098,100,3.731144
-1.485678,100,3.865001
-5.877238,100,3.999559
-2.81242,100,4.132652
