#{"t_start": 1589927594.6890657, "env_id": "widowx_reach-v3"}
r,l,t
-0.621298,100,4.727187
-0.487253,100,4.967318
-0.635192,100,5.221692
-0.431199,100,5.473121
-0.862239,100,5.732275
-0.401174,100,5.981635
-1.235462,100,6.237378
-1.409381,100,6.493568
-3.042095,100,6.755666
-3.094478,100,7.019195
-1.746818,100,7.285599
-1.365029,100,7.549092
