#{"t_start": 1589927594.737586, "env_id": "widowx_reach-v3"}
r,l,t
-1.462353,100,4.679359
-1.796887,100,4.91945
-1.874995,100,5.173823
-2.18423,100,5.425245
-1.953776,100,5.684393
-2.85953,100,5.93377
-2.439877,100,6.189478
-1.881251,100,6.445698
-3.018007,100,6.707797
-1.254698,100,6.97134
-2.292374,100,7.237732
-2.277805,100,7.501236
