#{"t_start": 1589927594.7621531, "env_id": "widowx_reach-v3"}
r,l,t
-1.051515,100,4.655113
-1.255116,100,4.895185
-1.116284,100,5.149551
-1.302344,100,5.400977
-1.104584,100,5.660125
-1.704371,100,5.909496
-2.098184,100,6.165213
-1.782565,100,6.421444
-2.209731,100,6.683545
-2.970904,100,6.947098
-2.781255,100,7.21348
-2.177037,100,7.476969
