#{"t_start": 1589927594.7872643, "env_id": "widowx_reach-v3"}
r,l,t
-2.358298,100,4.630311
-1.19237,100,4.870366
-2.159558,100,5.12473
-3.276484,100,5.37616
-1.832627,100,5.635303
-1.451803,100,5.884676
-1.192634,100,6.140396
-0.561272,100,6.396641
-1.008911,100,6.658741
-1.242359,100,6.9223
-1.2674,100,7.188661
-0.958775,100,7.452149
