#{"t_start": 1589927594.8121743, "env_id": "widowx_reach-v3"}
r,l,t
-2.023,100,4.605714
-2.075471,100,4.845745
-2.828145,100,5.100139
-2.88308,100,5.35154
-1.957189,100,5.610685
-2.426571,100,5.860082
-2.748263,100,6.115777
-6.682038,100,6.372049
-7.245141,100,6.634147
-5.948559,100,6.897703
-6.599407,100,7.164069
-4.566787,100,7.427547
