#{"t_start": 1589927594.8612418, "env_id": "widowx_reach-v3"}
r,l,t
-2.418516,100,4.557264
-1.389881,100,4.797262
-2.305516,100,5.051654
-2.41673,100,5.303056
-4.020288,100,5.562201
-2.184565,100,5.811615
-4.471932,100,6.067288
-5.122339,100,6.323558
-4.016237,100,6.5857
-6.17256,100,6.849224
-4.62012,100,7.11562
-8.212887,100,7.3791
