Eval mean reward,Eval std,success ratio,Average reach time,Train walltime (s)
-0.5233927870780463,0.04298115911780356,0.0,,520.6550097465515
