#{"t_start": 1592672662.1259599, "env_id": "widowx_reacher-v5"}
r,l,t-0.572002,100,18.436731
-0.856888,100,21.335985
-0.456428,100,22.820792
-0.550915,100,25.61609
-0.417675,100,28.387922
-0.621985,100,30.017629
-0.404035,100,32.834633
-0.472445,100,34.480793
-0.355219,100,37.4471
-0.454477,100,39.935737
-0.490547,100,40.977383
4
