#{"t_start": 1592672662.1658454, "env_id": "widowx_reacher-v5"}
r,l,t
-1.392345,100,18.375098
-1.549687,100,21.273908
-1.78233,100,22.759324
-1.543935,100,25.55482
-1.641097,100,28.326497
-2.06998,100,29.956212
-1.484288,100,32.772515
-1.986577,100,34.418532
-1.266729,100,37.385161
-1.879591,100,39.873487
-1.744698,100,40.915101
