#{"t_start": 1592672662.2493248, "env_id": "widowx_reacher-v5"}
r,l,t
-0.675126,100,18.291926
-0.78872,100,21.191594
-0.524343,100,22.676172-1-1.285501,100,25.472694-3-0.691805,100,28.243336-2-0.636498,100,29.873084-1-0.588673,100,32.689815-1-1.072099,100,34.335245-2-0.52261,100,37.302645--1.174627,100,39.79025
-0.180213,100,40.831832

