#{"t_start": 1592672662.3110993, "env_id": "widowx_reacher-v5"}
r,l,t--0.873476,100,18.232923--0.937252,100,21.130933--1.241711,100,22.616637--1.106085,100,25.411258-1-0.867546,100,28.182041-1-1.726727,100,29.811503-0-0.727609,100,32.62872-0.-0.934741,100,34.27365-0.-1.437077,100,37.24381-1-0.790802,100,39.728657-0-0.574513,100,40.771287
