#{"t_start": 1592672662.4366152, "env_id": "widowx_reacher-v5"}
r,l,t
-3.034143,100,18.110501
-2.410541,100,21.008556
-3.066942,100,22.494755--3.004632,100,25.287781--2.063078,100,28.059555--2.336121,100,29.688024--1.873778,100,32.506538--1.924795,100,34.151123--2.376254,100,37.121218--1.870737,100,39.60573
-2.407931,100,40.6478

