#{"t_start": 1592672662.5198293, "env_id": "widowx_reacher-v5"}
r,l,t-5.050408,100,18.06972
-5.811337,100,20.967719
-1.815285,100,22.454347
-2.743486,100,25.246933
-3.443151,100,28.01871
-5.7377,100,29.647187
-2.082561,100,32.465697
-1.860228,100,34.111903
-2.306343,100,37.081047
-2.257313,100,39.564936
-3.54182,100,40.60789
47402
