#{"t_start": 1592672662.5715878, "env_id": "widowx_reacher-v5"}
r,l,t-5.867751,100,18.006515
-1.420134,100,20.904449
-1.19698,100,22.391151
-2.141192,100,25.183689
-3.766604,100,27.955441
-2.419885,100,29.58516
-3.256401,100,32.402431
-2.541667,100,34.049424
-2.424165,100,37.019014
-1.652708,100,39.501674
-2.17558,100,40.545111
3
