#{"t_start": 1589903810.5827332, "env_id": "widowx_reach-v3"}
r,l,t
-3.99005,100,1.036091
-2.101818,100,1.184449
-1.656748,100,1.746621
-2.855443,100,1.880731
-1.73739,100,2.010803
-1.966707,100,2.428381
-1.879842,100,2.558009
-1.898028,100,2.973873
-2.05787,100,3.107632
-2.216177,100,3.237429
