#{"t_start": 1589903810.6284592, "env_id": "widowx_reach-v3"}
r,l,t
-2.135022,100,0.991855
-2.701284,100,1.139296
-2.232294,100,1.701496
-2.671016,100,1.835567
-2.718592,100,1.965635
-2.178965,100,2.383235
-3.82457,100,2.512841
-2.660241,100,2.928727
-2.410448,100,3.062469
-2.980093,100,3.192267
