#{"t_start": 1600280286.2845566, "env_id": "widowx_reacher-v5"}
r,l,t
-1.919992,100,2.86968
-6.540137,100,3.006858
-2.376303,100,3.157031
-7.048921,100,3.310744
-1.512371,100,3.464135
-1.876489,100,3.613081
-1.468854,100,3.779829
-2.02492,100,3.934208
-1.143353,100,4.090412
-2.21747,100,4.245267
-1.60753,100,4.405079
-3.935993,100,4.570315
