#{"t_start": 1592510386.1660855, "env_id": "widowx_reacher-v7"}
r,l,t
-3.106572,100,1.741164
-1.382245,100,1.927001
-1.658967,100,2.113393
-1.445013,100,2.301221
-0.45888,100,2.492802
-2.07854,100,2.687534
-4.064022,100,2.87997
-2.25513,100,3.071559
-0.741774,100,3.266241
-1.478214,100,3.458952
-0.644749,100,3.652012
-3.395728,100,3.843176
