#{"t_start": 1592510386.1918051, "env_id": "widowx_reacher-v7"}
r,l,t
-1.350919,100,1.715753
-1.138206,100,1.901578
-2.462313,100,2.087978
-1.85785,100,2.275798
-3.250324,100,2.467383
-2.22207,100,2.66212
-2.692511,100,2.854551
-1.070813,100,3.046146
-2.781172,100,3.24082
-0.752032,100,3.433532
-1.343755,100,3.626591
-2.973635,100,3.817753
