#{"t_start": 1592510386.242874, "env_id": "widowx_reacher-v7"}
r,l,t
-1.116816,100,1.665305
-3.259812,100,1.851108
-1.485007,100,2.037497
-1.999181,100,2.225324
-1.359999,100,2.416895
-1.348721,100,2.611637
-2.246851,100,2.804079
-1.143695,100,2.995666
-4.42522,100,3.190347
-4.363308,100,3.383058
-1.262366,100,3.576116
-1.374261,100,3.76728
