#{"t_start": 1589903702.5726182, "env_id": "widowx_reach-v3"}
r,l,t
-1.514953,100,2.635592
-1.974995,100,2.786415
-2.742678,100,2.949215
-1.973442,100,3.113982
-2.816756,100,3.284707
-2.528672,100,3.446577
-1.637671,100,3.614331
-2.229443,100,3.780876
-2.76996,100,3.961094
-1.566396,100,4.13576
-2.035302,100,4.308705
-3.142883,100,4.489175
