#{"t_start": 1592422990.6389532, "env_id": "widowx_reacher-v5"}
r,l,t
-1.476123,100,4.983891
-2.660071,100,5.225854
-2.299193,100,5.486572
-1.938578,100,5.742844
-1.509418,100,5.992831
-1.542404,100,6.224962
-2.894045,100,6.458026
-1.960344,100,6.691007
-2.572692,100,6.933297
-2.380978,100,7.171043
-2.740877,100,7.409705
-2.640382,100,7.650088
