#{"t_start": 1592422990.663096, "env_id": "widowx_reacher-v5"}
r,l,t
-2.015612,100,4.96011
-2.443834,100,5.202014
-2.562255,100,5.462728
-2.306751,100,5.718997
-2.438953,100,5.969035
-3.500495,100,6.201141
-3.907599,100,6.434183
-6.205567,100,6.667164
-7.496537,100,6.909461
-6.456141,100,7.147197
-6.903992,100,7.385882
-8.184988,100,7.626265
