#{"t_start": 1592422990.68717, "env_id": "widowx_reacher-v5"}
r,l,t
-0.716626,100,4.936337
-1.54716,100,5.178214
-1.022651,100,5.438926
-0.389432,100,5.695196
-0.733213,100,5.945239
-1.535869,100,6.177373
-1.056821,100,6.410391
-1.48993,100,6.643377
-1.433138,100,6.885682
-2.502838,100,7.123404
-2.352734,100,7.362101
-1.444122,100,7.602471
