#{"t_start": 1592422990.7595844, "env_id": "widowx_reacher-v5"}
r,l,t
-2.549336,100,4.864759
-0.593977,100,5.106601
-1.224092,100,5.367308
-0.657424,100,5.623605
-0.979565,100,5.873635
-0.459542,100,6.10576
-1.207923,100,6.338791
-1.268499,100,6.57178
-4.47219,100,6.814095
-3.350277,100,7.051821
-1.493746,100,7.290505
-2.090849,100,7.53087
