#{"t_start": 1592422990.8078887, "env_id": "widowx_reacher-v5"}
r,l,t
-1.876868,100,4.817004
-1.850159,100,5.05882
-2.648179,100,5.319521
-2.85021,100,5.575821
-1.92014,100,5.825863
-1.372418,100,6.057983
-1.323695,100,6.291012
-1.395978,100,6.524021
-2.550637,100,6.766353
-0.857592,100,7.004046
-3.791012,100,7.242745
-2.966938,100,7.483086
