#{"t_start": 1592510191.5420442, "env_id": "widowx_reacher-v7"}
r,l,t
-0.922161,100,4.652941
-0.870687,100,4.895689
-1.844392,100,5.15882
-0.631685,100,5.41817
-0.34951,100,5.680546
-1.598066,100,5.934324
-1.742031,100,6.195851
-7.096194,100,6.458692
-3.920952,100,6.731082
-4.543251,100,6.993014
-2.515163,100,7.256817
-1.501517,100,7.517466
