#{"t_start": 1592510191.5928917, "env_id": "widowx_reacher-v7"}
r,l,t
-1.698873,100,4.602748
-0.303131,100,4.845464
-1.911982,100,5.108585
-3.19443,100,5.367948
-2.446405,100,5.63032
-0.836467,100,5.884097
-1.87649,100,6.145619
-2.148964,100,6.408483
-1.525754,100,6.680867
-0.78141,100,6.942799
-4.707448,100,7.206606
-2.275136,100,7.467242
