#{"t_start": 1592510191.618503, "env_id": "widowx_reacher-v7"}
r,l,t
-0.978032,100,4.577457
-1.793923,100,4.820151
-1.470027,100,5.083277
-0.519557,100,5.342636
-1.537428,100,5.605006
-2.356353,100,5.858783
-2.622461,100,6.120314
-6.71702,100,6.383194
-3.170069,100,6.655585
-4.984063,100,6.917514
-0.394058,100,7.181302
-6.824468,100,7.441929
