#{"t_start": 1591959498.354039, "env_id": "widowx_reacher-v5"}
r,l,t
-1.291191,100,11.689863
--1.673318,100,17.222179--1.568128,100,20.250936--0.250799,100,25.278132--0.629266,100,30.263311-0-0.716081,100,33.283768-4-0.597957,100,38.452129-0-1.491204,100,41.574285-0-0.62801,100,46.793751--1.114905,100,51.193539
-0.8636,100,52.996771
-0.875371,100,55.068068
9
