#{"t_start": 1591959498.8435378, "env_id": "widowx_reacher-v5"}
r,l,t--2.473314,100,11.394598-1.469249,100,16.921097--1.080379,100,19.957962---1.705991,100,24.981835---1.735002,100,29.968878-1-1.42738,100,32.987476--2.377879,100,38.161341--1.646019,100,41.2800-3.--1.960986,100,46.4988-2-1-1.686053,100,50.8983-2-1-1.856922,100,52.699188-1-2.126002,100,54.769984
