#{"t_start": 1591959499.0517793, "env_id": "widowx_reacher-v5"}
r,l,t-1.134921,100,11.045765---3.238692,100,16.35351--3.775232,100,19.38982
--1.40692,100,24.637759--1.491051,100,29.619702--1.128376,100,32.638242---1.43036,100,37.813198--0.889505,100,40.935218-0-2.460513,100,46.15351--2.277458,100,50.54665
-1.909325,100,52.350058
-0.610267,100,54.418182

