mean_walltime,std_walltime
2.210365791718165,1.1603768553510025
