#{"t_start": 1600280159.7811186, "env_id": "widowx_reacher-v5"}
r,l,t
-3.067847,100,1.155568
-3.060712,100,1.305328
-1.707875,100,1.464942
-2.108428,100,1.61215
-3.530867,100,1.762152
-2.695534,100,1.909311
-2.648775,100,2.05263
-1.605722,100,2.210455
-2.752786,100,2.370988
-2.181998,100,2.514783
-1.572821,100,2.664168
-3.292729,100,2.809655
