#{"t_start": 1600280159.8260653, "env_id": "widowx_reacher-v5"}
r,l,t
-4.543252,100,1.111208
-4.550064,100,1.260945
-4.04895,100,1.420809
-2.971377,100,1.567766
-2.703446,100,1.71776
-2.11647,100,1.864928
-1.980377,100,2.008378
-3.128419,100,2.166099
-1.873798,100,2.32659
-3.831506,100,2.470387
-3.169494,100,2.619765
-3.133977,100,2.765264
