#{"t_start": 1600280159.8559496, "env_id": "widowx_reacher-v5"}
r,l,t
-4.035927,100,1.081676
-4.023225,100,1.231411
-3.311939,100,1.391262
-4.626086,100,1.538218
-3.077639,100,1.688222
-3.642975,100,1.835382
-1.250828,100,1.978919
-4.849052,100,2.136577
-2.286123,100,2.297045
-2.746866,100,2.440839
-2.263483,100,2.590212
-3.2019,100,2.735713
