#{"t_start": 1589927745.5850434, "env_id": "widowx_reach-v3"}
r,l,t
-1.915598,100,4.71732
-2.123154,100,4.962097
-1.82827,100,5.222176
-2.043216,100,5.482861
-2.116051,100,5.753232
-2.265139,100,6.01719
-2.418884,100,6.279598
-2.412995,100,6.541002
-2.155245,100,6.811237
-2.627532,100,7.071169
-2.088647,100,7.333664
-2.11896,100,7.595567
