#{"t_start": 1589927745.61036, "env_id": "widowx_reach-v3"}
r,l,t
-1.697813,100,4.692374
-1.881008,100,4.937111
-2.776259,100,5.197183
-2.798865,100,5.457878
-3.752049,100,5.72824
-1.546625,100,5.992218
-4.203103,100,6.254627
-4.075597,100,6.516017
-3.264402,100,6.786245
-2.23142,100,7.046178
-3.954541,100,7.308671
-4.061366,100,7.570573
