#{"t_start": 1589927745.6353762, "env_id": "widowx_reach-v3"}
r,l,t
-1.596179,100,4.667704
-0.885938,100,4.912399
-2.11131,100,5.172467
-0.726391,100,5.433165
-0.354188,100,5.703525
-1.074704,100,5.967525
-1.266391,100,6.229921
-2.34282,100,6.491322
-1.61688,100,6.761532
-0.896651,100,7.02146
-1.36484,100,7.283964
-1.504189,100,7.545866
