#{"t_start": 1589927745.6599545, "env_id": "widowx_reach-v3"}
r,l,t
-2.728611,100,4.643451
-1.884351,100,4.888115
-1.49109,100,5.148191
-4.932009,100,5.4089
-4.884878,100,5.679247
-1.551721,100,5.943249
-3.287974,100,6.205657
-4.562987,100,6.467056
-1.436507,100,6.737257
-1.154675,100,6.997182
-2.255718,100,7.259681
-2.048845,100,7.521582
