#{"t_start": 1589927745.685046, "env_id": "widowx_reach-v3"}
r,l,t
-2.742699,100,4.61867
-2.882562,100,4.863325
-2.669619,100,5.123394
-2.526075,100,5.384132
-4.380098,100,5.654446
-4.022465,100,5.918451
-2.553609,100,6.180878
-2.146384,100,6.442266
-2.513834,100,6.71246
-2.514932,100,6.972406
-2.204322,100,7.23488
-2.701173,100,7.496783
