#{"t_start": 1589927745.710057, "env_id": "widowx_reach-v3"}
r,l,t
-1.781296,100,4.593967
-1.576516,100,4.838604
-0.846969,100,5.098677
-1.397248,100,5.359415
-0.583833,100,5.629744
-1.880199,100,5.893749
-4.990974,100,6.156165
-3.830241,100,6.417548
-2.308654,100,6.68774
-2.612127,100,6.947686
-1.96812,100,7.210166
-3.110688,100,7.472069
