#{"t_start": 1589927745.7341473, "env_id": "widowx_reach-v3"}
r,l,t
-2.103684,100,4.570195
-2.091998,100,4.814804
-2.208473,100,5.074881
-4.504688,100,5.335616
-2.897642,100,5.605951
-4.578932,100,5.869974
-4.70692,100,6.132362
-3.333997,100,6.393748
-3.093752,100,6.663938
-2.497397,100,6.923885
-2.762268,100,7.186366
-1.701159,100,7.44827
