#{"t_start": 1589927745.7591689, "env_id": "widowx_reach-v3"}
r,l,t
-2.642982,100,4.545478
-2.88387,100,4.790077
-2.858748,100,5.050159
-1.535467,100,5.310884
-1.116137,100,5.581238
-1.035784,100,5.845245
-3.003782,100,6.107627
-1.857836,100,6.36902
-1.587754,100,6.639212
-1.612804,100,6.899157
-3.917134,100,7.161632
-6.586323,100,7.423554
