Eval mean reward,Eval std,success ratio,Average reach time,Train walltime (s)
-0.6314773645266542,0.25142462052293496,0.0,,7.061368942260742
