#{"t_start": 1593163912.604424, "env_id": "widowx_reacher-v5"}
r,l,t
-4.796209,100,2.835401
-1.874014,100,2.95815
-2.265247,100,3.083693
-5.95783,100,3.219037
-2.652212,100,3.354016
-2.977066,100,3.48838
-2.443814,100,3.623949
-1.151293,100,3.758756
-3.124367,100,3.90039
-1.585009,100,4.034623
-6.565297,100,4.170072
-4.057411,100,4.304374
