#{"t_start": 1593163912.620223, "env_id": "widowx_reacher-v5"}
r,l,t
-2.925152,100,2.819803
-2.144061,100,2.94254
-4.017555,100,3.068088
-1.710956,100,3.203434
-2.332102,100,3.338408
-1.347831,100,3.472772
-3.686056,100,3.608345
-2.790874,100,3.74315
-3.524355,100,3.88479
-2.619242,100,4.019016
-6.200687,100,4.15447
-2.27329,100,4.288769
