#{"t_start": 1593163912.6358645, "env_id": "widowx_reacher-v5"}
r,l,t
-2.614159,100,2.804325
-1.124276,100,2.927609
-1.991602,100,3.052614
-2.905175,100,3.187958
-3.271875,100,3.322933
-3.952278,100,3.457296
-4.834245,100,3.59287
-4.792463,100,3.727677
-4.370032,100,3.869315
-1.581076,100,4.003541
-3.991056,100,4.138996
-3.002875,100,4.273294
