#{"t_start": 1593163912.6514277, "env_id": "widowx_reacher-v5"}
r,l,t
-0.867069,100,2.788921
-1.850966,100,2.912222
-1.656435,100,3.037215
-2.501177,100,3.172557
-4.750161,100,3.307534
-3.205976,100,3.441894
-2.147753,100,3.57747
-3.803328,100,3.712275
-2.882061,100,3.853915
-1.933386,100,3.988141
-4.229036,100,4.123594
-2.992518,100,4.257894
