#{"t_start": 1593163912.6666572, "env_id": "widowx_reacher-v5"}
r,l,t
-1.367215,100,2.773851
-2.708439,100,2.897159
-4.10205,100,3.022146
-2.142152,100,3.157489
-2.045104,100,3.292467
-0.994925,100,3.426826
-6.450626,100,3.562402
-3.417984,100,3.697207
-4.473254,100,3.838846
-2.784373,100,3.973072
-2.182602,100,4.108525
-3.495289,100,4.242826
