#{"t_start": 1593163912.6816878, "env_id": "widowx_reacher-v5"}
r,l,t
-1.811677,100,2.758976
-4.713241,100,2.882291
-2.704904,100,3.007276
-1.940989,100,3.142618
-1.861531,100,3.277596
-4.027708,100,3.411957
-3.947364,100,3.547531
-5.433029,100,3.682337
-2.584994,100,3.823975
-6.12888,100,3.958201
-5.537111,100,4.093653
-4.124352,100,4.227954
