#{"t_start": 1593163912.6966422, "env_id": "widowx_reacher-v5"}
r,l,t
-3.392784,100,2.74418
-3.711111,100,2.867498
-1.610296,100,2.992482
-2.716052,100,3.127822
-2.22267,100,3.2628
-4.005065,100,3.397162
-1.662036,100,3.532736
-2.44771,100,3.667542
-4.488183,100,3.80918
-3.415393,100,3.943405
-4.937682,100,4.078857
-1.105098,100,4.213159
