#{"t_start": 1593163912.7117617, "env_id": "widowx_reacher-v5"}
r,l,t
-2.985021,100,2.729218
-3.70061,100,2.85255
-3.265428,100,2.977522
-2.032353,100,3.112861
-1.960944,100,3.247839
-2.270972,100,3.382207
-5.135053,100,3.517775
-4.419359,100,3.652583
-3.166876,100,3.794228
-2.934186,100,3.928442
-1.567962,100,4.063895
-2.330011,100,4.198205
