#{"t_start": 1600709068.347403, "env_id": "widowx_reacher-v5"}
r,l,t
-3.69975,100,1.195794
-0.716288,100,1.488638
-2.691041,100,1.625932
-2.17394,100,1.768753
-1.596467,100,1.894909
-4.36926,100,2.035386
-2.087489,100,2.174829
-2.431801,100,2.31685
-1.72982,100,2.457278
-6.59977,100,2.583512
-2.245254,100,2.724478
