#{"t_start": 1600709068.3639207, "env_id": "widowx_reacher-v5"}
r,l,t
-2.447615,100,1.179625
-1.463928,100,1.472322
-5.064406,100,1.609612
-1.407128,100,1.752436
-1.890165,100,1.878596
-5.625933,100,2.019076
-2.213885,100,2.158521
-3.030797,100,2.300583
-1.682327,100,2.440951
-1.107122,100,2.567201
-2.591649,100,2.708163
