#{"t_start": 1600709068.3802993, "env_id": "widowx_reacher-v5"}
r,l,t
-3.688842,100,1.16354
-2.243063,100,1.456115
-1.917308,100,1.593402
-2.164506,100,1.736234
-2.912975,100,1.862388
-1.354934,100,2.002873
-2.399813,100,2.142315
-1.50347,100,2.284429
-2.194754,100,2.424743
-2.064925,100,2.550999
-0.961096,100,2.691959
