#{"t_start": 1600709068.397361, "env_id": "widowx_reacher-v5"}
r,l,t
-4.586854,100,1.146757
-3.04355,100,1.439221
-2.481783,100,1.576504
-1.162314,100,1.719343
-1.179597,100,1.845494
-2.784079,100,1.985982
-1.155259,100,2.125423
-2.795054,100,2.267575
-2.497256,100,2.407847
-2.088906,100,2.534109
-1.120394,100,2.675068
