#{"t_start": 1600709068.4142141, "env_id": "widowx_reacher-v5"}
r,l,t
-5.112189,100,1.130179
-1.053552,100,1.422535
-2.200132,100,1.559812
-2.96421,100,1.702659
-3.707444,100,1.828805
-4.487144,100,1.969298
-3.515299,100,2.108737
-2.257035,100,2.250932
-1.733556,100,2.391159
-2.949637,100,2.517426
-2.341494,100,2.658384
