#{"t_start": 1600709068.4315941, "env_id": "widowx_reacher-v5"}
r,l,t
-1.339849,100,1.113071
-2.111947,100,1.40532
-2.282549,100,1.54259
-2.141447,100,1.685445
-4.45917,100,1.811593
-4.319449,100,1.952088
-2.222435,100,2.091522
-3.046642,100,2.233754
-2.272343,100,2.373942
-0.796614,100,2.500217
-2.522493,100,2.641173
