#{"t_start": 1600709068.4477026, "env_id": "widowx_reacher-v5"}
r,l,t
-1.953082,100,1.097234
-2.129507,100,1.389377
-1.777859,100,1.52665
-2.559415,100,1.669502
-4.714468,100,1.795648
-1.837579,100,1.936147
-2.616439,100,2.075577
-2.198804,100,2.217835
-2.226414,100,2.357995
-2.61938,100,2.484276
-1.560436,100,2.625232
