#{"t_start": 1600709068.4642637, "env_id": "widowx_reacher-v5"}
r,l,t
-1.692053,100,1.080953
-3.632793,100,1.372979
-2.229499,100,1.510249
-2.389043,100,1.653107
-2.786495,100,1.77925
-1.449263,100,1.919753
-5.458277,100,2.059179
-3.620455,100,2.201437
-5.052834,100,2.341597
-1.29337,100,2.467884
-2.526474,100,2.608838
