#{"t_start": 1591959876.3275974, "env_id": "widowx_reacher-v5"}
r,l,t-0.8851,100,14.598086
-2.247249,100,22.054942
-0.754525,100,27.37338
-0.954085,100,35.148151
-0.852743,100,43.0126
-1.425823,100,48.374985
-0.719701,100,55.878545
-1.280419,100,60.858256
-0.507415,100,68.064332
-0.731267,100,71.46046
-1.031651,100,72.378633
-0.831359,100,73.241877
653

