#{"t_start": 1591959876.5745323, "env_id": "widowx_reacher-v5"}
r,l,t-1.882901,100,14.506636
-1.313661,100,21.96362
-1.337484,100,27.282229
-1.778774,100,35.064861
-2.01596,100,42.921894
-1.615379,100,48.288512
-2.03171,100,55.792206
-1.144315,100,60.766328
-1.788791,100,67.972304
-1.699925,100,71.367609
-1.629702,100,72.285515
-2.775715,100,73.148764

