#{"t_start": 1591959876.7355208, "env_id": "widowx_reacher-v5"}
r,l-2.4-0.94599,100,14.1993-1.6-0.777883,100,21.660-1.6--0.658018,100,26.981-2.1--1.037093,100,34.759508--0.813344,100,42.614208
-0.94863,100,47.98386
-1.058033,100,55.484045
-0.941861,100,60.46061
-0.696186,100,67.664393
-0.799856,100,71.059186
-0.760484,100,71.97702
-1.467353,100,72.840274


