#{"t_start": 1591959877.0344946, "env_id": "widowx_reacher-v5"}
r,l,t--1.253849,100,13.988043--3.256938,100,21.450105--1.716368,100,26.769824--1.374174,100,34.549004--1.423852,100,42.410034
-2.737144,100,47.774034
-2.206444,100,55.276732
-1.07955,100,60.251068
-2.052566,100,67.456011
-2.779959,100,70.847919
-2.563074,100,71.764739
-1.99272,100,72.627996

