#{"t_start": 1591959877.0989678, "env_id": "widowx_reacher-v5"}
r,l,t--2.208475,100,13.886909--1.805813,100,21.346821---2.003801,100,26.66685----1.503331,100,34.4505-3.--2.488766,100,42.307711
-2.632607,100,47.671192
-2.72573,100,55.178766
-3.121145,100,60.148293
-3.357762,100,67.35533
-2.028733,100,70.74483
-3.305757,100,71.661309
-2.327009,100,72.524568
