#{"t_start": 1591959877.3183963, "env_id": "widowx_reacher-v5"}
r,l,t-2.26337,100,13.770826
-5.570776,100,21.234943
-2.125221,100,26.553725
-2.188686,100,34.343726
-2.678555,100,42.201821
-2.131957,100,47.558043
-1.375143,100,55.071391
-3.059149,100,60.035775
-1.863086,100,67.252584
-1.77359,100,70.628401
-1.330446,100,71.543624
-1.541861,100,72.406886


