mean_walltime,std_walltime
5.018387921253841,2.6189053679275287
