mean_walltime,std_walltime
303.89542775154115,159.82836976200892
