#{"t_start": 1600718221.1616428, "env_id": "widowx_reacher-v5"}
r,l,t
-2.283059,100,1.082767
-3.536065,100,1.367733
-2.626138,100,1.511051
-2.539222,100,1.65208
-2.877798,100,1.772669
-1.843273,100,1.912631
-2.082841,100,2.052494
-2.205868,100,2.191714
-3.795004,100,2.327626
-3.705669,100,2.449988
-2.954695,100,2.595767
