#{"t_start": 1600718221.177037, "env_id": "widowx_reacher-v5"}
r,l,t
-2.687753,100,1.067591
-3.774415,100,1.352538
-2.16088,100,1.495862
-3.434879,100,1.636881
-2.444777,100,1.757481
-2.304596,100,1.897442
-1.750679,100,2.037304
-2.103431,100,2.176518
-3.577977,100,2.312428
-0.838057,100,2.434798
-1.385286,100,2.580581
