#{"t_start": 1600718221.1923697, "env_id": "widowx_reacher-v5"}
r,l,t
-3.167923,100,1.052433
-3.036318,100,1.337374
-1.69865,100,1.480703
-3.442011,100,1.621724
-2.572113,100,1.742317
-4.401838,100,1.882277
-1.768169,100,2.022144
-3.897919,100,2.161351
-5.168458,100,2.297263
-3.425705,100,2.419634
-1.276497,100,2.565421
