#{"t_start": 1600718221.207639, "env_id": "widowx_reacher-v5"}
r,l,t
-3.199522,100,1.037332
-2.222892,100,1.322269
-1.425852,100,1.4656
-1.709553,100,1.606622
-1.860894,100,1.727214
-2.094736,100,1.86717
-3.663282,100,2.007041
-1.724424,100,2.146245
-1.252662,100,2.282157
-1.097839,100,2.404527
-3.882397,100,2.550319
