#{"t_start": 1600718221.2228796, "env_id": "widowx_reacher-v5"}
r,l,t
-2.878211,100,1.022257
-3.701747,100,1.307193
-4.989629,100,1.450524
-4.325226,100,1.591558
-2.098977,100,1.712136
-2.415597,100,1.852091
-1.230666,100,1.991964
-1.490584,100,2.131163
-3.383907,100,2.267077
-3.805492,100,2.389449
-5.639039,100,2.535243
