#{"t_start": 1600718221.2387297, "env_id": "widowx_reacher-v5"}
r,l,t
-2.767345,100,1.006571
-2.985143,100,1.291505
-4.980821,100,1.434838
-4.388272,100,1.575874
-2.878968,100,1.696455
-2.706014,100,1.836402
-1.848468,100,1.976307
-2.687948,100,2.115473
-3.158308,100,2.251387
-1.928698,100,2.373759
-3.033271,100,2.519555
