#{"t_start": 1600718221.2542877, "env_id": "widowx_reacher-v5"}
r,l,t
-2.526436,100,0.991176
-3.629781,100,1.276114
-5.627719,100,1.419444
-3.319307,100,1.560481
-3.711681,100,1.681061
-3.345096,100,1.821004
-2.565917,100,1.960916
-4.027072,100,2.100079
-3.724056,100,2.235988
-3.795397,100,2.358363
-2.731188,100,2.504171
