#{"t_start": 1600718221.2695985, "env_id": "widowx_reacher-v5"}
r,l,t
-1.733602,100,0.976029
-1.707948,100,1.260964
-3.898669,100,1.404296
-2.313035,100,1.545336
-2.186994,100,1.665987
-4.83384,100,1.805852
-3.339359,100,1.945768
-1.554505,100,2.084928
-1.967076,100,2.220844
-1.423831,100,2.343214
-1.930818,100,2.489026
