#{"t_start": 1589903697.6701486, "env_id": "widowx_reach-v3"}
r,l,t
-1.63978,100,1.028366
-1.365405,100,1.174663
-1.528704,100,1.311919
-1.945026,100,1.450109
-1.470321,100,1.584356
-1.824329,100,1.718163
-1.590142,100,1.854534
-2.183271,100,1.986464
-1.547464,100,2.121325
-1.712558,100,2.255504
-1.179512,100,2.387847
-1.327345,100,2.521506
