#{"t_start": 1589903697.732566, "env_id": "widowx_reach-v3"}
r,l,t
-3.264347,100,0.966936
-1.623566,100,1.11301
-2.839548,100,1.25027
-2.2591,100,1.388422
-2.208067,100,1.522682
-1.955204,100,1.656575
-1.551345,100,1.792852
-1.725398,100,1.924789
-2.914567,100,2.059706
-2.533979,100,2.193828
-2.429431,100,2.326176
-2.196573,100,2.459827
