Eval mean reward,Eval std,success ratio,Average reach time,Train walltime (s)
-0.6733460623305291,0.2306455797117953,0.0,,2.538386821746826
