Eval mean reward,Eval std,success ratio,Average reach time,Train walltime (s)
-0.5519163602613844,0.11183912308206367,0.0,,6.782565116882324
