#{"t_start": 1589927734.9429123, "env_id": "widowx_reach-v3"}
r,l,t
-1.300158,100,1.957385
-1.997483,100,2.158308
-1.37831,100,2.356163
-1.44417,100,2.553592
-2.185138,100,2.754856
-1.681127,100,2.950451
-1.721225,100,3.148714
-1.766059,100,3.347392
-1.725843,100,3.54446
-1.69473,100,3.739427
-2.050485,100,3.934133
-1.906353,100,4.12869
