#{"t_start": 1589927734.9727008, "env_id": "widowx_reach-v3"}
r,l,t
-1.897548,100,1.927961
-2.598989,100,2.128849
-1.664379,100,2.326709
-2.050286,100,2.524129
-2.462819,100,2.725399
-1.873734,100,2.920986
-1.771445,100,3.119249
-2.129122,100,3.317926
-2.437996,100,3.515016
-1.547367,100,3.709963
-2.070998,100,3.904679
-2.033224,100,4.099227
