#{"t_start": 1589927734.997634, "env_id": "widowx_reach-v3"}
r,l,t
-1.295275,100,1.903346
-1.366186,100,2.104218
-1.022833,100,2.302081
-0.654385,100,2.499505
-0.91744,100,2.70077
-0.72189,100,2.896352
-1.187058,100,3.094626
-0.90197,100,3.293293
-1.089808,100,3.490395
-0.748455,100,3.685331
-0.580552,100,3.880047
-0.618792,100,4.074605
