#{"t_start": 1589927735.0756183, "env_id": "widowx_reach-v3"}
r,l,t
-1.49975,100,1.826278
-0.96222,100,2.027124
-0.863877,100,2.224991
-2.316605,100,2.422405
-1.594322,100,2.623669
-0.894951,100,2.819246
-5.210669,100,3.017528
-2.854998,100,3.216195
-0.86206,100,3.413323
-0.558161,100,3.608235
-1.62272,100,3.80295
-0.753929,100,3.997503
