#{"t_start": 1589927735.1355999, "env_id": "widowx_reach-v3"}
r,l,t
-1.481457,100,1.766901
-2.404319,100,1.967728
-3.55572,100,2.165602
-2.25391,100,2.36301
-2.189954,100,2.564265
-2.106735,100,2.759844
-2.17393,100,2.958122
-2.173012,100,3.156799
-2.52584,100,3.353943
-2.183496,100,3.548835
-2.403567,100,3.743551
-1.311136,100,3.938102
