#{"t_start": 1600280191.6595376, "env_id": "widowx_reacher-v5"}
r,l,t
-1.506633,100,1.101953
-2.821855,100,1.410969
-2.510145,100,1.551511
-1.859975,100,1.689199
-1.857359,100,1.809286
-2.000061,100,1.949888
-2.897357,100,2.087401
-3.158085,100,2.221673
-0.810879,100,2.359174
-1.91619,100,2.47508
-1.081682,100,2.613683
