#{"t_start": 1600280191.7674015, "env_id": "widowx_reacher-v5"}
r,l,t
-1.822014,100,0.995778
-2.028334,100,1.304305
-5.487679,100,1.444863
-3.044171,100,1.582521
-2.423397,100,1.702627
-6.05856,100,1.843185
-4.735033,100,1.98071
-3.591528,100,2.114972
-3.356497,100,2.252526
-3.052936,100,2.369092
-1.816384,100,2.507015
