#{"t_start": 1589903730.0987036, "env_id": "widowx_reach-v3"}
r,l,t
-1.602978,100,0.961494
-1.613338,100,1.105118
-1.918134,100,1.658066
-1.949844,100,1.787723
-1.627673,100,1.915409
-1.977024,100,2.327665
-1.781909,100,2.454333
-2.002581,100,2.86345
-3.209373,100,2.993923
-2.117387,100,3.125543
