#{"t_start": 1592422770.7927477, "env_id": "widowx_reacher-v5"}
r,l,t
-0.405463,100,2.368803
-1.081151,100,2.556298
-0.521264,100,2.743509
-0.571032,100,2.930093
-0.426736,100,3.117157
-1.079055,100,3.302035
-0.567331,100,3.489997
-0.439613,100,3.67614
-1.119092,100,3.872292
-0.517779,100,4.066109
-0.393409,100,4.261651
-0.878535,100,4.450737
