#{"t_start": 1592422770.8910484, "env_id": "widowx_reacher-v5"}
r,l,t
-1.222503,100,2.271705
-1.325018,100,2.459174
-2.119743,100,2.646322
-2.287552,100,2.832895
-1.043244,100,3.019966
-1.909887,100,3.204843
-2.462956,100,3.392804
-1.74848,100,3.578949
-2.169939,100,3.775095
-2.589245,100,3.968913
-1.824872,100,4.164461
-2.214584,100,4.353545
