#{"t_start": 1592422770.9651833, "env_id": "widowx_reacher-v5"}
r,l,t
-2.672218,100,2.198396
-4.113756,100,2.385855
-2.301601,100,2.572982
-4.359248,100,2.759536
-2.213593,100,2.946617
-3.598573,100,3.131496
-2.109098,100,3.319452
-2.848622,100,3.505599
-2.072857,100,3.701743
-3.896287,100,3.895558
-3.127547,100,4.091099
-2.893124,100,4.28019
