#{"t_start": 1592423035.908209, "env_id": "widowx_reacher-v5"}
r,l,t
-1.649856,100,2.014083
-2.285197,100,2.20293
-1.883908,100,3.171432
-1.643987,100,3.356578
-2.069602,100,3.541173
-1.970769,100,4.231952
-1.41278,100,4.404481
-2.525238,100,5.087684
-3.305629,100,5.264451
-2.844889,100,5.43991
