#{"t_start": 1592423035.9572644, "env_id": "widowx_reacher-v5"}
r,l,t
-0.921915,100,1.965619
-3.467818,100,2.154445
-2.104469,100,3.122937
-1.279943,100,3.308073
-3.632933,100,3.492678
-1.91838,100,4.183458
-1.783922,100,4.355973
-1.276304,100,5.039178
-1.922817,100,5.215945
-1.565189,100,5.391417
