#{"t_start": 1592423035.9815278, "env_id": "widowx_reacher-v5"}
r,l,t
-2.395524,100,1.941638
-1.924391,100,2.130449
-2.199038,100,3.098954
-3.880917,100,3.284086
-2.097999,100,3.468684
-3.100764,100,4.159462
-1.883226,100,4.331986
-2.428278,100,5.015193
-2.351115,100,5.191958
-3.257056,100,5.367424
