#{"t_start": 1592423036.0061092, "env_id": "widowx_reacher-v5"}
r,l,t
-1.625151,100,1.917333
-0.984286,100,2.106132
-0.796908,100,3.074644
-2.70904,100,3.259774
-2.693385,100,3.444375
-1.162435,100,4.135147
-0.782925,100,4.307673
-2.023872,100,4.990881
-3.209785,100,5.167646
-3.497413,100,5.34311
