#{"t_start": 1593165856.8813536, "env_id": "widowx_reacher-v5"}
r,l,t
-2.508713,100,6.199797
-2.781446,100,6.419635
-3.031771,100,6.631803
-1.768822,100,6.854245
-2.780607,100,7.081704
-1.887192,100,7.305458
-3.743654,100,7.528987
-3.218158,100,7.750988
-3.165782,100,7.999666
-2.367601,100,8.237638
-3.291931,100,8.473336
-2.951644,100,8.69611
