#{"t_start": 1593165856.9073522, "env_id": "widowx_reacher-v5"}
r,l,t
-2.082988,100,6.174087
-6.844795,100,6.393864
-3.255722,100,6.606036
-2.626011,100,6.828456
-1.852232,100,7.055927
-1.398669,100,7.279671
-4.128262,100,7.503199
-2.541802,100,7.725202
-2.376958,100,7.973893
-3.182403,100,8.211852
-3.10884,100,8.447539
-3.818655,100,8.670313
