#{"t_start": 1593165856.9325683, "env_id": "widowx_reacher-v5"}
r,l,t
-5.33606,100,6.149114
-1.998616,100,6.368845
-4.41283,100,6.581019
-2.055996,100,6.803432
-1.816632,100,7.030906
-2.552765,100,7.254657
-1.783683,100,7.478176
-1.409323,100,7.70018
-2.848419,100,7.948873
-1.453769,100,8.186822
-2.979901,100,8.422506
-5.353402,100,8.645281
