#{"t_start": 1593165856.9585092, "env_id": "widowx_reacher-v5"}
r,l,t
-1.32775,100,6.123393
-3.113559,100,6.343093
-4.908997,100,6.555274
-3.000728,100,6.777689
-4.052393,100,7.005151
-3.557101,100,7.228904
-4.56643,100,7.45243
-2.027229,100,7.67443
-3.954637,100,7.923121
-0.985556,100,8.16106
-2.495843,100,8.396757
-1.669325,100,8.619518
