#{"t_start": 1593165856.9844155, "env_id": "widowx_reacher-v5"}
r,l,t
-2.346451,100,6.097707
-0.815432,100,6.317372
-5.047202,100,6.529561
-2.847572,100,6.751971
-2.893671,100,6.979433
-5.531551,100,7.203184
-2.688615,100,7.426708
-1.356421,100,7.648722
-2.162061,100,7.897403
-2.865741,100,8.13533
-3.244932,100,8.371026
-2.538724,100,8.5938
