#{"t_start": 1593165857.0090075, "env_id": "widowx_reacher-v5"}
r,l,t
-2.967153,100,6.073319
-2.42603,100,6.292964
-3.639757,100,6.505168
-1.642119,100,6.727552
-5.06728,100,6.955015
-3.420482,100,7.178778
-0.768777,100,7.402293
-1.003317,100,7.62432
-3.826348,100,7.872997
-1.948324,100,8.110911
-1.505219,100,8.346609
-4.897534,100,8.569384
