#{"t_start": 1593165857.0331278, "env_id": "widowx_reacher-v5"}
r,l,t
-3.05895,100,6.049397
-2.428066,100,6.269028
-0.465904,100,6.481233
-3.46697,100,6.703604
-2.96509,100,6.931077
-4.919247,100,7.154831
-3.606989,100,7.378346
-4.053151,100,7.600374
-3.791862,100,7.849061
-4.361527,100,8.086971
-3.547009,100,8.322664
-4.592147,100,8.545438
