#{"t_start": 1593165857.058712, "env_id": "widowx_reacher-v5"}
r,l,t
-2.864425,100,6.024003
-2.695731,100,6.243619
-3.213535,100,6.455831
-2.38456,100,6.678192
-3.061534,100,6.905665
-3.583788,100,7.129428
-3.548624,100,7.352934
-2.503941,100,7.574964
-4.860753,100,7.823652
-2.041499,100,8.061563
-4.475673,100,8.297253
-3.958479,100,8.520028
