#{"t_start": 1592510444.365803, "env_id": "widowx_reacher-v7"}
r,l,t
-3.301825,100,1.718411
-0.792167,100,1.901285
-0.81157,100,2.844891
-1.870962,100,3.028597
-2.583341,100,3.216948
-2.895891,100,3.902983
-0.86359,100,4.09324
-0.390584,100,4.793893
-1.960023,100,4.981656
-4.085007,100,5.168253
