#{"t_start": 1592510444.3915656, "env_id": "widowx_reacher-v7"}
r,l,t
-1.287507,100,1.693044
-1.985388,100,1.875861
-0.696651,100,2.819499
-1.074024,100,3.003178
-0.75806,100,3.191538
-1.224493,100,3.877561
-3.010204,100,4.067811
-1.765876,100,4.768485
-2.332842,100,4.956244
-0.416928,100,5.142831
