#{"t_start": 1592510444.417494, "env_id": "widowx_reacher-v7"}
r,l,t
-0.946508,100,1.667453
-1.487238,100,1.850243
-2.388265,100,2.793893
-2.50282,100,2.977576
-2.875617,100,3.165925
-1.445894,100,3.851946
-1.8546,100,4.042191
-2.465232,100,4.742875
-2.745204,100,4.930634
-0.615406,100,5.117218
