#{"t_start": 1592510444.4695673, "env_id": "widowx_reacher-v7"}
r,l,t
-1.47857,100,1.61601
-1.097688,100,1.798782
-1.193059,100,2.742444
-1.209807,100,2.92612
-0.497164,100,3.114475
-1.400478,100,3.800483
-1.707625,100,3.990732
-1.467855,100,4.691426
-0.439828,100,4.879174
-2.114615,100,5.065769
