#{"t_start": 1592510444.5462766, "env_id": "widowx_reacher-v7"}
r,l,t
-0.814554,100,1.540224
-0.850809,100,1.722968
-2.892619,100,2.666656
-0.521603,100,2.850325
-1.143164,100,3.038685
-0.690246,100,3.724669
-0.237506,100,3.914917
-2.106059,100,4.615633
-2.775991,100,4.803381
-1.393214,100,4.989973
