Eval mean reward,Eval std,success ratio,Average reach time
-0.03576988203195095,0.00029592129928963955,0.0,
