mean_walltime,std_walltime
303.0516560792923,160.04177750986392
