#{"t_start": 1592510237.4654171, "env_id": "widowx_reacher-v7"}
r,l,t
-1.422574,100,1.685544
-2.405991,100,1.868955
-1.822384,100,2.800595
-0.383387,100,2.989953
-1.181319,100,3.179586
-0.11052,100,3.852525
-0.424633,100,4.023797
-0.314114,100,4.694544
-1.069694,100,4.890904
-1.128139,100,5.088165
