#{"t_start": 1592510237.5167933, "env_id": "widowx_reacher-v7"}
r,l,t
-1.58357,100,1.634816
-0.82617,100,1.818197
-1.396618,100,2.749844
-0.772234,100,2.9392
-0.654323,100,3.128824
-0.683467,100,3.801762
-1.26066,100,3.973031
-0.433407,100,4.643785
-2.005783,100,4.840149
-0.868652,100,5.037414
