#{"t_start": 1592510237.5934951, "env_id": "widowx_reacher-v7"}
r,l,t
-2.877561,100,1.55904
-1.828918,100,1.742384
-3.939467,100,2.674053
-1.040501,100,2.863398
-0.9694,100,3.053026
-0.556606,100,3.725957
-2.235909,100,3.89721
-0.597349,100,4.567987
-1.327649,100,4.764371
-2.795557,100,4.961609
