#{"t_start": 1592510237.6193836, "env_id": "widowx_reacher-v7"}
r,l,t
-2.408787,100,1.533462
-1.747045,100,1.716787
-3.122784,100,2.648472
-3.148693,100,2.837806
-1.586096,100,3.02744
-1.357054,100,3.700361
-1.446334,100,3.871619
-4.206387,100,4.542403
-1.728371,100,4.73878
-2.87343,100,4.936016
