#{"t_start": 1589903730.0682194, "env_id": "widowx_reach-v3"}
r,l,t
-0.441913,100,0.991356
-1.161807,100,1.135193
-0.663142,100,1.688141
-0.393123,100,1.817806
-0.533662,100,1.945494
-0.520046,100,2.357739
-0.502541,100,2.484431
-0.529626,100,2.893512
-0.438908,100,3.023998
-0.579662,100,3.155609
