#{"t_start": 1589903730.0835323, "env_id": "widowx_reach-v3"}
r,l,t
-1.121166,100,0.976373
-1.313759,100,1.120096
-1.232626,100,1.673047
-0.998192,100,1.802706
-1.136925,100,1.930393
-1.917283,100,2.342644
-1.266285,100,2.469322
-1.213532,100,2.878423
-2.000643,100,3.008902
-1.890659,100,3.140522
