#{"t_start": 1589903730.1140053, "env_id": "widowx_reach-v3"}
r,l,t
-0.901815,100,0.946472
-0.786892,100,1.090011
-1.778355,100,1.642952
-0.783246,100,1.772602
-1.508325,100,1.90029
-1.254672,100,2.312551
-0.819546,100,2.439211
-0.617266,100,2.848342
-0.755074,100,2.978808
-0.661463,100,3.110427
