#{"t_start": 1592672710.9135234, "env_id": "widowx_reacher-v5"}
r,l,t
-2.085779,100,13.301583
-2.055339,100,16.331832
-1.898093,100,18.055394
-1.769008,100,20.96581
-0.81725,100,23.360999
-2.193799,100,25.016013
-1.369611,100,27.825888
-1.584076,100,29.478152

