#{"t_start": 1592672710.9771538, "env_id": "widowx_reacher-v5"}
r,l,t
-1.469687,100,13.243969
-2.934915,100,16.275162--1.758912,100,17.998551-0-3.029513,100,20.908648-0-2.195416,100,23.303471-1-1.741462,100,24.95839-0--3.145691,100,27.76827-0--2.283617,100,29.420979
