#{"t_start": 1592672711.0540068, "env_id": "widowx_reacher-v5"}
r,l,t
-0.862992,100,13.185829--0.313644,100,16.217703--0.623218,100,17.940544--0.900319,100,20.850567-0-0.464171,100,23.24533--1.219173,100,24.900263--1.350049,100,27.710141-0-0.751563,100,29.363903
