#{"t_start": 1592672711.0951636, "env_id": "widowx_reacher-v5"}
r,l,t-1.275238,100,13.128856
-1.946405,100,16.160976
-1.632486,100,17.883646
-2.53438,100,20.793583
-1.614952,100,23.188358
-1.103025,100,24.844669
-1.865928,100,27.653182
-0.859145,100,29.307777

