#{"t_start": 1592672711.1531658, "env_id": "widowx_reacher-v5"}
r,l,t
-2.897389,100,13.071052
-1.798921,100,16.103659
-1.140625,100,17.825493
-2.519791,100,20.735416
-2.447179,100,23.130206
-2.748916,100,24.786741--2.828178,100,27.595331-2-2.557498,100,29.249855
