#{"t_start": 1592672711.2094305, "env_id": "widowx_reacher-v5"}
r,l,t
-2.315707,100,13.013937
-3.025238,100,16.047095
-2.84198,100,17.767698
-1.585547,100,20.677608--2.60026,100,23.072842
-3.407133,100,24.729452
-4.088272,100,27.538212
-4.173599,100,29.193382

