#{"t_start": 1592672711.2525184, "env_id": "widowx_reacher-v5"}
r,l,t
-3.892582,100,12.956804
-1.907193,100,15.988197
-3.059133,100,17.708791
-2.024002,100,20.618694--3.226395,100,23.014739--2.461439,100,24.670555---1.43505,100,27.479413--2.605406,100,29.134501
