#{"t_start": 1593163939.5561538, "env_id": "widowx_reacher-v5"}
r,l,t
-3.327224,100,1.133398
-3.189147,100,1.289793
-4.168512,100,1.406847
-3.378642,100,1.549205
-2.263699,100,1.682488
-3.760596,100,2.054037
-3.931628,100,2.173463
-4.235856,100,2.293142
-2.001185,100,2.412935
-2.255101,100,2.5326
