#{"t_start": 1593163939.5714235, "env_id": "widowx_reacher-v5"}
r,l,t
-2.647859,100,1.118541
-2.039945,100,1.274726
-3.695094,100,1.391784
-4.400421,100,1.534307
-5.701914,100,1.667437
-3.982757,100,2.038995
-5.304236,100,2.158396
-2.062647,100,2.278074
-1.868432,100,2.397871
-1.533918,100,2.517534
