#{"t_start": 1593163939.587921, "env_id": "widowx_reacher-v5"}
r,l,t
-4.246073,100,1.102416
-2.873951,100,1.258401
-3.275127,100,1.375455
-3.081576,100,1.518075
-4.417468,100,1.651126
-2.823758,100,2.023067
-3.964191,100,2.142079
-2.858781,100,2.261752
-1.758871,100,2.381548
-1.315606,100,2.50121
