#{"t_start": 1593163939.603203, "env_id": "widowx_reacher-v5"}
r,l,t
-2.364962,100,1.087505
-2.60108,100,1.243286
-2.258053,100,1.360338
-3.042846,100,1.50298
-2.333912,100,1.636026
-2.00907,100,2.007968
-1.239162,100,2.126966
-5.787174,100,2.246641
-1.071097,100,2.366436
-3.257384,100,2.486099
