#{"t_start": 1593163939.6183903, "env_id": "widowx_reacher-v5"}
r,l,t
-5.178578,100,1.072685
-2.442715,100,1.228265
-2.750338,100,1.345312
-3.05032,100,1.487983
-2.50329,100,1.621021
-3.302967,100,1.992958
-3.104991,100,2.111946
-0.861718,100,2.231641
-3.326824,100,2.351417
-0.844664,100,2.47108
