#{"t_start": 1593163939.6335063, "env_id": "widowx_reacher-v5"}
r,l,t
-2.439497,100,1.05793
-2.972604,100,1.213313
-3.970835,100,1.330357
-1.460251,100,1.473191
-3.092179,100,1.606086
-1.865285,100,1.978018
-2.639803,100,2.096999
-2.649583,100,2.216693
-6.349287,100,2.336479
-1.118193,100,2.456132
