#{"t_start": 1593163939.6485445, "env_id": "widowx_reacher-v5"}
r,l,t
-2.345203,100,1.043253
-3.33098,100,1.198439
-2.53138,100,1.31549
-3.943711,100,1.458461
-3.857129,100,1.591225
-4.363889,100,1.963156
-2.575329,100,2.082126
-1.356268,100,2.201821
-3.863078,100,2.321607
-2.811639,100,2.44126
