#{"t_start": 1593163939.66397, "env_id": "widowx_reacher-v5"}
r,l,t
-2.40611,100,1.028187
-1.155102,100,1.183177
-2.175645,100,1.300225
-1.528083,100,1.443264
-1.372216,100,1.575978
-2.942675,100,1.947905
-1.988642,100,2.066865
-2.557185,100,2.18656
-2.212934,100,2.306348
-1.087189,100,2.426007
