#{"t_start": 1592422782.346089, "env_id": "widowx_reacher-v5"}
r,l,t
-0.695403,100,4.966621
-1.700863,100,5.18448
-0.794789,100,5.418292
-0.536939,100,5.65129
-0.755234,100,5.890592
-0.382952,100,6.121213
-1.675986,100,6.351635
-0.883218,100,6.582965
-0.821129,100,6.822506
-1.474545,100,7.054735
-1.187828,100,7.287857
-1.296658,100,7.525349
