#{"t_start": 1592422782.3705952, "env_id": "widowx_reacher-v5"}
r,l,t
-1.687195,100,4.942416
-2.45502,100,5.160239
-1.66079,100,5.394054
-1.307027,100,5.627051
-1.650625,100,5.866347
-1.883694,100,6.096978
-1.853083,100,6.327388
-2.317361,100,6.558737
-2.184213,100,6.798263
-1.616785,100,7.030491
-1.548441,100,7.263612
-4.250144,100,7.50113
