#{"t_start": 1592422782.3947463, "env_id": "widowx_reacher-v5"}
r,l,t
-2.424097,100,4.918555
-5.118216,100,5.136347
-1.960802,100,5.37016
-2.352083,100,5.603159
-3.761851,100,5.842452
-2.014161,100,6.073087
-1.878793,100,6.303496
-3.268733,100,6.534873
-2.359611,100,6.774373
-3.677416,100,7.006619
-1.809953,100,7.239725
-1.775426,100,7.477236
