#{"t_start": 1592422782.4189968, "env_id": "widowx_reacher-v5"}
r,l,t
-2.445288,100,4.894604
-2.050724,100,5.112375
-2.95891,100,5.34617
-0.58334,100,5.579163
-2.340255,100,5.818464
-2.600558,100,6.049092
-1.237067,100,6.279509
-3.658425,100,6.510882
-0.933588,100,6.750381
-1.304253,100,6.982637
-1.383665,100,7.215736
-4.299886,100,7.453262
