#{"t_start": 1589903779.4689715, "env_id": "widowx_reach-v3"}
r,l,t
-2.794254,100,0.969609
-2.456503,100,1.10926
-2.83312,100,1.244662
-2.039113,100,1.380364
-1.801612,100,1.516667
-2.54234,100,1.651933
-1.506868,100,1.786987
-1.993252,100,1.917139
-2.191954,100,2.052063
-1.837562,100,2.189203
-3.559627,100,2.325489
-2.141907,100,2.459133
