#{"t_start": 1600280280.3062189, "env_id": "widowx_reacher-v5"}
r,l,t
-2.413807,100,1.136688
-4.862526,100,1.288538
-6.03995,100,1.435121
-4.102523,100,1.604637
-2.823618,100,1.769259
-3.116472,100,1.915908
-2.347108,100,2.063026
-2.188057,100,2.22451
-2.659563,100,2.397167
-2.694718,100,2.545089
-3.552703,100,2.724476
-2.606625,100,2.871323
