#{"t_start": 1600280280.3366091, "env_id": "widowx_reacher-v5"}
r,l,t
-2.467557,100,1.10663
-4.2299,100,1.258475
-1.722715,100,1.405128
-3.842868,100,1.574614
-3.093704,100,1.739206
-2.787497,100,1.885863
-3.373864,100,2.032963
-3.748718,100,2.194622
-1.902865,100,2.367133
-3.891912,100,2.515067
-2.253084,100,2.694423
-3.368228,100,2.841335
