#{"t_start": 1600280280.3518608, "env_id": "widowx_reacher-v5"}
r,l,t
-0.578393,100,1.091543
-2.222573,100,1.243386
-3.151338,100,1.390063
-3.18035,100,1.559535
-3.805869,100,1.72412
-3.155804,100,1.870852
-2.221331,100,2.017874
-2.815417,100,2.179613
-3.065495,100,2.352059
-5.72856,100,2.499997
-2.535225,100,2.679335
-4.520766,100,2.826276
