Eval mean reward,Eval std,success ratio,Average reach time,Train walltime (s)
-0.42240746841562216,0.025440581462365167,0.0,,349.08730483055115
