#{"t_start": 1592510396.7161117, "env_id": "widowx_reacher-v7"}
r,l,t
-1.838184,100,4.714069
-1.447488,100,4.939936
-1.664506,100,5.184081
-2.335934,100,5.430137
-6.542512,100,5.690978
-0.475096,100,5.955243
-1.098308,100,6.224343
-0.780456,100,6.491177
-4.198144,100,6.766915
-1.518228,100,7.033453
-1.744452,100,7.297159
-1.385936,100,7.562404
