#{"t_start": 1592510396.7418435, "env_id": "widowx_reacher-v7"}
r,l,t
-0.906018,100,4.68875
-1.49295,100,4.914547
-1.21601,100,5.158685
-0.975337,100,5.404743
-5.100919,100,5.665581
-5.265083,100,5.929847
-5.402833,100,6.198975
-1.418566,100,6.46578
-4.31628,100,6.741533
-1.215056,100,7.008066
-1.638333,100,7.271762
-1.32854,100,7.537034
