#{"t_start": 1592510396.793386, "env_id": "widowx_reacher-v7"}
r,l,t
-1.540487,100,4.637854
-3.414814,100,4.863621
-3.223962,100,5.107754
-2.25575,100,5.353816
-2.554713,100,5.614649
-0.890587,100,5.878929
-1.686692,100,6.148038
-4.974069,100,6.414893
-4.292103,100,6.690604
-0.953036,100,6.957131
-2.369151,100,7.220837
-4.411747,100,7.486116
