#{"t_start": 1592510396.8190575, "env_id": "widowx_reacher-v7"}
r,l,t
-1.609539,100,4.612494
-0.460241,100,4.83825
-3.826405,100,5.082376
-3.062979,100,5.328438
-2.458482,100,5.589271
-2.466511,100,5.853553
-2.556512,100,6.122659
-2.338864,100,6.389535
-0.306443,100,6.66523
-2.751739,100,6.93178
-1.474641,100,7.19548
-1.657335,100,7.460766
