#{"t_start": 1592510396.8703516, "env_id": "widowx_reacher-v7"}
r,l,t
-0.821343,100,4.56182
-2.113485,100,4.78756
-0.400386,100,5.031675
-2.649685,100,5.277736
-1.41576,100,5.538562
-2.406222,100,5.802848
-1.941886,100,6.071975
-3.627358,100,6.338851
-3.371051,100,6.61455
-1.358891,100,6.881071
-1.926099,100,7.144797
-2.033448,100,7.410096
