#{"t_start": 1592510396.8954444, "env_id": "widowx_reacher-v7"}
r,l,t
-0.742828,100,4.537031
-0.723523,100,4.762759
-2.700452,100,5.006872
-3.986131,100,5.252931
-4.682841,100,5.513782
-2.093282,100,5.778064
-1.412298,100,6.047172
-1.918934,100,6.314048
-1.718773,100,6.589772
-3.861309,100,6.856268
-2.887516,100,7.119995
-2.976886,100,7.385292
