#{"t_start": 1593165631.678024, "env_id": "widowx_reacher-v5"}
r,l,t
-4.057668,100,4.062388
-1.252286,100,4.243008
-2.240957,100,4.424651
-3.057846,100,4.604165
-2.526885,100,4.783254
-1.347635,100,5.298598
-3.115224,100,5.472718
-3.256573,100,5.646696
-4.629917,100,5.81975
-4.522319,100,5.993538
