#{"t_start": 1593165631.7029972, "env_id": "widowx_reacher-v5"}
r,l,t
-2.052235,100,4.037704
-1.213934,100,4.218248
-2.786364,100,4.399876
-2.931025,100,4.579389
-1.554607,100,4.758478
-4.364868,100,5.273837
-2.335445,100,5.447946
-3.776283,100,5.621923
-3.383153,100,5.794976
-4.12784,100,5.968764
