#{"t_start": 1593165631.727794, "env_id": "widowx_reacher-v5"}
r,l,t
-4.150984,100,4.013114
-2.824318,100,4.193631
-4.420507,100,4.375257
-3.283207,100,4.554771
-2.720056,100,4.733859
-3.542018,100,5.249223
-0.979129,100,5.423341
-2.959387,100,5.597317
-3.782181,100,5.770372
-3.690574,100,5.944149
