#{"t_start": 1593165631.7539513, "env_id": "widowx_reacher-v5"}
r,l,t
-4.240291,100,3.987156
-2.859451,100,4.167649
-4.281611,100,4.349285
-3.402618,100,4.528801
-3.243171,100,4.707875
-1.564109,100,5.223254
-1.616392,100,5.397363
-2.061472,100,5.571337
-3.357726,100,5.744393
-4.056154,100,5.918179
