#{"t_start": 1593165631.7800517, "env_id": "widowx_reacher-v5"}
r,l,t
-2.789311,100,3.961247
-3.019764,100,4.141721
-4.006712,100,4.323358
-2.94509,100,4.502872
-1.443035,100,4.681946
-1.361511,100,5.197331
-3.408307,100,5.371437
-1.996027,100,5.545411
-1.851053,100,5.718468
-1.74609,100,5.892256
