#{"t_start": 1593165631.8048449, "env_id": "widowx_reacher-v5"}
r,l,t
-3.296957,100,3.936641
-2.811775,100,4.117105
-3.116426,100,4.298734
-1.940953,100,4.478266
-4.388081,100,4.657334
-1.984246,100,5.172711
-1.905434,100,5.346817
-3.704472,100,5.52079
-6.802412,100,5.693849
-4.315334,100,5.867635
