#{"t_start": 1593165631.8297591, "env_id": "widowx_reacher-v5"}
r,l,t
-1.932035,100,3.911918
-1.820227,100,4.092363
-2.862737,100,4.273993
-2.302203,100,4.453518
-2.672582,100,4.632591
-0.629585,100,5.14797
-3.872078,100,5.322074
-3.075656,100,5.496047
-1.72083,100,5.669108
-4.009443,100,5.842894
