#{"t_start": 1593165631.854989, "env_id": "widowx_reacher-v5"}
r,l,t
-3.868563,100,3.886876
-2.607254,100,4.067317
-4.195456,100,4.24893
-3.371513,100,4.428452
-1.402443,100,4.607529
-1.491732,100,5.122913
-3.449275,100,5.297016
-1.313686,100,5.470988
-1.631356,100,5.644049
-3.313111,100,5.817836
