#{"t_start": 1589927795.4959252, "env_id": "widowx_reach-v3"}
r,l,t
-1.330968,100,1.918038
-2.269184,100,2.120558
-1.140716,100,3.105035
-1.657765,100,3.282855
-2.116501,100,3.460887
-1.398407,100,4.14253
-1.451361,100,4.322157
-1.672245,100,5.006048
-1.9957,100,5.187759
-1.460357,100,5.369754
