#{"t_start": 1589927795.5205555, "env_id": "widowx_reach-v3"}
r,l,t
-1.73336,100,1.89379
-1.692133,100,2.096256
-1.829841,100,3.080755
-1.873463,100,3.258556
-2.312713,100,3.436588
-1.798597,100,4.118248
-1.790432,100,4.297857
-1.713714,100,4.981752
-1.858718,100,5.163472
-2.612771,100,5.345446
