#{"t_start": 1589927795.545366, "env_id": "widowx_reach-v3"}
r,l,t
-0.478471,100,1.869307
-0.880264,100,2.071754
-1.020483,100,3.056252
-0.889,100,3.23405
-0.687602,100,3.412079
-0.981529,100,4.093745
-1.490589,100,4.273344
-0.78595,100,4.957245
-0.721527,100,5.138968
-0.945713,100,5.320943
