#{"t_start": 1589927795.5703084, "env_id": "widowx_reach-v3"}
r,l,t
-1.146414,100,1.844681
-1.750625,100,2.04711
-2.117281,100,3.031602
-1.719071,100,3.2094
-2.025032,100,3.387429
-3.03448,100,4.069099
-4.089437,100,4.248693
-1.481786,100,4.932598
-1.294814,100,5.114318
-2.511841,100,5.296294
