#{"t_start": 1589927795.6203117, "env_id": "widowx_reach-v3"}
r,l,t
-0.659623,100,1.795308
-3.751587,100,1.997693
-2.376914,100,2.982186
-3.431786,100,3.159976
-3.048369,100,3.33801
-3.533226,100,4.019675
-1.089958,100,4.199275
-2.633612,100,4.883185
-1.588495,100,5.064898
-0.88196,100,5.246876
