#{"t_start": 1589927795.6452982, "env_id": "widowx_reach-v3"}
r,l,t
-1.763789,100,1.770627
-1.349962,100,1.973006
-2.390509,100,2.957485
-3.093152,100,3.135276
-1.990429,100,3.31331
-2.988785,100,3.994984
-2.246949,100,4.174575
-2.728449,100,4.858486
-1.628445,100,5.040199
-2.583982,100,5.222177
