#{"t_start": 1589927795.6696424, "env_id": "widowx_reach-v3"}
r,l,t
-2.560899,100,1.746602
-2.895109,100,1.948958
-2.782974,100,2.933432
-2.900122,100,3.111217
-1.540338,100,3.289249
-2.975221,100,3.970927
-4.299048,100,4.150522
-2.14349,100,4.83443
-1.842801,100,5.016142
-2.598911,100,5.198119
