#{"t_start": 1592510180.7927902, "env_id": "widowx_reacher-v7"}
r,l,t
-1.207841,100,2.046302
-0.518808,100,2.232858
-1.782967,100,2.419683
-1.530615,100,2.611042
-1.326919,100,2.802479
-2.190386,100,2.990712
-1.314118,100,3.182623
-2.387746,100,3.375349
-1.772131,100,3.568366
-1.744311,100,3.758954
-2.441885,100,3.947346
-1.733378,100,4.137614
