#{"t_start": 1592510180.8454201, "env_id": "widowx_reacher-v7"}
r,l,t
-1.929658,100,1.994314
-1.423749,100,2.180846
-3.105232,100,2.367664
-1.458915,100,2.559017
-3.387118,100,2.750464
-0.696515,100,2.938694
-0.107978,100,3.130608
-1.802942,100,3.323324
-0.215904,100,3.516344
-0.896074,100,3.706938
-2.461616,100,3.895318
-1.31278,100,4.085596
