#{"t_start": 1592510180.897862, "env_id": "widowx_reacher-v7"}
r,l,t
-0.526327,100,1.942499
-2.181423,100,2.128999
-1.97436,100,2.315809
-0.833109,100,2.507168
-2.008573,100,2.698607
-2.919742,100,2.88684
-5.093578,100,3.078755
-3.739346,100,3.271476
-2.323321,100,3.464498
-1.950046,100,3.655086
-0.845411,100,3.843468
-3.751138,100,4.033739
