#{"t_start": 1600280165.4660292, "env_id": "widowx_reacher-v5"}
r,l,t
-2.2026,100,2.881819
-3.062875,100,3.013384
-1.894024,100,3.163465
-4.28108,100,3.312456
-1.606177,100,3.460906
-1.984572,100,3.642462
-1.83876,100,3.84336
-1.24057,100,4.016491
-2.361307,100,4.172199
-1.29175,100,4.325926
-1.229655,100,4.475213
-1.439605,100,4.629578
