#{"t_start": 1600280165.5135996, "env_id": "widowx_reacher-v5"}
r,l,t
-2.148642,100,2.834739
-2.197759,100,2.966303
-1.987943,100,3.116394
-3.100311,100,3.265396
-2.151981,100,3.413849
-1.600874,100,3.59544
-1.882124,100,3.79634
-1.599561,100,3.969463
-1.309139,100,4.125499
-2.402386,100,4.278926
-1.505967,100,4.428159
-1.157399,100,4.582551
