#{"t_start": 1600280165.5294588, "env_id": "widowx_reacher-v5"}
r,l,t
-2.267239,100,2.819041
-2.350733,100,2.950605
-1.588543,100,3.100694
-3.252704,100,3.24971
-1.816114,100,3.398149
-1.704694,100,3.579755
-2.042502,100,3.780793
-2.665423,100,3.953779
-3.596572,100,4.109913
-2.437798,100,4.263237
-1.114908,100,4.412469
-1.628256,100,4.56687
