mean_walltime,std_walltime
1.6269378662109375,0.5728616714477539
