#{"t_start": 1600718216.0155985, "env_id": "widowx_reacher-v5"}
r,l,t
-3.095086,100,1.128701
-5.339416,100,1.430513
-3.565149,100,1.568875
-4.421225,100,1.707471
-1.002344,100,1.830454
-3.576348,100,1.969907
-2.311549,100,2.112048
-2.215996,100,2.251364
-2.101859,100,2.389664
-1.467394,100,2.510231
-1.871507,100,2.652607
