#{"t_start": 1600718216.030745, "env_id": "widowx_reacher-v5"}
r,l,t
-1.599754,100,1.113931
-3.633526,100,1.415568
-1.177862,100,1.553931
-1.315193,100,1.692521
-5.059074,100,1.815513
-1.438491,100,1.954964
-3.722033,100,2.097117
-4.487753,100,2.236417
-5.729412,100,2.374712
-2.814542,100,2.495289
-1.416457,100,2.637671
