#{"t_start": 1600718216.046466, "env_id": "widowx_reacher-v5"}
r,l,t
-1.620958,100,1.098521
-3.775484,100,1.400024
-1.846777,100,1.538383
-4.947702,100,1.676972
-3.934771,100,1.799971
-1.347414,100,1.939418
-3.072304,100,2.081572
-5.245279,100,2.220863
-3.329712,100,2.359164
-3.84277,100,2.479741
-1.343943,100,2.622125
