#{"t_start": 1600718216.0615828, "env_id": "widowx_reacher-v5"}
r,l,t
-4.229132,100,1.083708
-1.69605,100,1.38508
-2.608128,100,1.523435
-5.725334,100,1.662022
-3.203287,100,1.785025
-4.053267,100,1.92447
-1.914212,100,2.066624
-3.852389,100,2.205911
-3.211197,100,2.344219
-2.644491,100,2.4648
-1.811773,100,2.60719
