#{"t_start": 1600718216.0766556, "env_id": "widowx_reacher-v5"}
r,l,t
-1.796254,100,1.068934
-2.463679,100,1.370177
-2.243401,100,1.508528
-3.062794,100,1.647118
-3.391418,100,1.770119
-1.797972,100,1.909566
-1.854765,100,2.051718
-3.882018,100,2.190999
-2.424314,100,2.329315
-2.375798,100,2.449898
-3.221938,100,2.592295
