#{"t_start": 1600718216.092157, "env_id": "widowx_reacher-v5"}
r,l,t
-1.517377,100,1.053729
-2.648,100,1.35484
-2.3709,100,1.49319
-1.14676,100,1.631782
-3.68521,100,1.75481
-2.493944,100,1.894239
-1.491206,100,2.036382
-1.892929,100,2.17566
-2.668534,100,2.313982
-2.640321,100,2.434564
-2.157004,100,2.576982
