#{"t_start": 1600718216.1082718, "env_id": "widowx_reacher-v5"}
r,l,t
-5.622855,100,1.037906
-1.68717,100,1.338889
-2.984452,100,1.477239
-5.399633,100,1.615832
-2.547155,100,1.738867
-3.194888,100,1.878292
-2.691657,100,2.020433
-4.386248,100,2.159705
-7.335903,100,2.298034
-2.922821,100,2.418618
-2.56259,100,2.561037
