#{"t_start": 1600718216.1240761, "env_id": "widowx_reacher-v5"}
r,l,t
-2.994072,100,1.022428
-6.750077,100,1.323249
-1.36198,100,1.461599
-2.143172,100,1.600193
-2.408777,100,1.723241
-1.780936,100,1.862654
-0.726861,100,2.004794
-5.896083,100,2.14406
-1.79455,100,2.282404
-2.397991,100,2.40298
-1.96747,100,2.5454
