#{"t_start": 1593165561.206768, "env_id": "widowx_reacher-v5"}
r,l,t
-2.623731,100,6.533861
-2.701706,100,6.721416
-4.088443,100,6.908574
-6.060279,100,7.110197
-2.400633,100,7.310594
-5.874989,100,7.511356
-2.928217,100,7.71752
-4.178051,100,7.939308
-3.297852,100,8.169076
-1.619855,100,8.38757
-1.706473,100,8.604608
-2.341088,100,8.817872
