#{"t_start": 1593165561.4335203, "env_id": "widowx_reacher-v5"}
r,l,t
-1.744331,100,6.307356
-1.826559,100,6.49486
-2.339111,100,6.682015
-2.705563,100,6.883645
-2.955341,100,7.084033
-2.173471,100,7.284794
-3.236093,100,7.491
-4.334419,100,7.712758
-3.634805,100,7.942516
-3.799421,100,8.161009
-6.566963,100,8.378047
-1.166849,100,8.591311
