#{"t_start": 1593165561.4581, "env_id": "widowx_reacher-v5"}
r,l,t
-5.028074,100,6.282989
-2.050003,100,6.470458
-1.937385,100,6.657608
-5.160638,100,6.859239
-3.553494,100,7.059626
-1.966306,100,7.260385
-4.580397,100,7.466601
-1.487332,100,7.688352
-1.552468,100,7.918121
-3.233235,100,8.136602
-3.302348,100,8.35364
-3.069755,100,8.566905
