#{"t_start": 1593165561.4826145, "env_id": "widowx_reacher-v5"}
r,l,t
-4.662795,100,6.258667
-4.372053,100,6.44611
-3.857981,100,6.63326
-5.974903,100,6.834892
-1.945885,100,7.035279
-4.116428,100,7.236037
-3.202623,100,7.442259
-5.651805,100,7.664006
-2.323278,100,7.893776
-4.938521,100,8.112254
-4.625409,100,8.329293
-5.507567,100,8.54257
