#{"t_start": 1593165561.5074832, "env_id": "widowx_reacher-v5"}
r,l,t
-5.117366,100,6.233994
-4.026455,100,6.421407
-3.269897,100,6.608557
-5.257269,100,6.810187
-1.412981,100,7.010576
-3.007207,100,7.211333
-2.648296,100,7.417564
-1.45029,100,7.639302
-2.654669,100,7.869085
-2.933156,100,8.087551
-4.587422,100,8.30459
-3.724344,100,8.517868
