#{"t_start": 1593165561.533291, "env_id": "widowx_reacher-v5"}
r,l,t
-3.5731,100,6.208365
-1.265616,100,6.395763
-2.768098,100,6.582922
-1.975235,100,6.784542
-3.162842,100,6.984941
-3.866809,100,7.185688
-2.234462,100,7.391934
-2.143373,100,7.613667
-3.846045,100,7.843433
-3.540547,100,8.061925
-4.755366,100,8.27897
-1.600713,100,8.492233
