#{"t_start": 1593165561.559888, "env_id": "widowx_reacher-v5"}
r,l,t
-3.657858,100,6.181955
-2.74385,100,6.369338
-2.697447,100,6.556492
-2.829373,100,6.758107
-1.141533,100,6.958508
-2.481624,100,7.159261
-1.499108,100,7.365507
-2.421705,100,7.587232
-1.339736,100,7.816991
-1.20677,100,8.035483
-2.153377,100,8.252529
-2.083266,100,8.465789
