#{"t_start": 1593165561.5851371, "env_id": "widowx_reacher-v5"}
r,l,t
-1.708533,100,6.156883
-0.790165,100,6.344253
-3.078802,100,6.531405
-1.354426,100,6.733028
-2.084525,100,6.933422
-4.985417,100,7.134175
-1.743214,100,7.340426
-2.01268,100,7.562138
-4.096614,100,7.791896
-3.061167,100,8.010388
-3.190451,100,8.227436
-3.271489,100,8.440694
