Eval mean reward,Eval std,success ratio,Average reach time,Train walltime (s)
-0.4599992613155337,0.031417575493184864,0.0,,290.69689083099365
