#{"t_start": 1589903784.3392487, "env_id": "widowx_reach-v3"}
r,l,t
-1.898627,100,2.59141
-2.224773,100,2.735362
-3.089534,100,2.890873
-2.990869,100,3.045236
-5.621415,100,3.205369
-1.247684,100,3.361715
-1.670388,100,3.516345
-4.90499,100,3.67259
-3.888724,100,3.835598
-5.127035,100,3.993309
-3.456167,100,4.149583
-3.706449,100,4.307729
