#{"t_start": 1589903784.3546493, "env_id": "widowx_reach-v3"}
r,l,t
-2.358888,100,2.57619
-2.190407,100,2.720143
-2.542208,100,2.87565
-2.406772,100,3.030015
-1.817832,100,3.190149
-3.72041,100,3.346493
-2.395537,100,3.501123
-1.907066,100,3.657375
-3.479337,100,3.820376
-3.552945,100,3.978098
-4.319243,100,4.134373
-4.273111,100,4.292507
