#{"t_start": 1589903784.385048, "env_id": "widowx_reach-v3"}
r,l,t
-3.425263,100,2.546146
-1.644853,100,2.690104
-3.02903,100,2.845607
-2.622278,100,2.999982
-2.651084,100,3.160104
-3.038863,100,3.31645
-3.784071,100,3.471086
-3.509199,100,3.627345
-5.514114,100,3.790356
-6.336353,100,3.948076
-5.057108,100,4.104351
-6.599213,100,4.262477
