#{"t_start": 1589903784.4004622, "env_id": "widowx_reach-v3"}
r,l,t
-3.126563,100,2.530907
-2.882899,100,2.67487
-4.038382,100,2.830369
-2.152972,100,2.98475
-1.78854,100,3.144866
-1.788761,100,3.301212
-2.009025,100,3.455861
-2.951956,100,3.612108
-3.277738,100,3.775131
-3.371501,100,3.932838
-3.378509,100,4.089113
-3.879784,100,4.247253
