mean reward,std reward (seed),std reward (eval),mean train walltime (s),std train walltime (s),mean success ratio 50mm,std success ratio 50mm,mean reach time 50mm,std reach time 50mm,mean success ratio 20mm,std success ratio 20mm,mean reach time 20mm,std reach time 20mm,mean success ratio 10mm,std success ratio 10mm,mean reach time 10mm,std reach time 10mm,mean success ratio 5mm,std success ratio 5mm,mean reach time 5mm,std reach time 5mm
-0.12353705570935744,0.0005600244552476493,0.004719006379581503,103.15049242973328,1.286558513253733,1.0,0.0,9.100000000000001,0.0707106781186545,1.0,0.0,12.025,0.03535533905932788,0.925,0.10606601717798214,13.339705882352941,1.1459289306876113,0.47500000000000003,0.6010407640085654,15.333333333333334,3.2998316455372225
