mean_walltime,std_walltime
5.176327384710311,2.710958781184536
