#{"t_start": 1592423035.8839686, "env_id": "widowx_reacher-v5"}
r,l,t
-1.441135,100,2.037971
-1.719582,100,2.226869
-2.324962,100,3.195344
-1.642759,100,3.38051
-1.136659,100,3.565109
-1.50422,100,4.255886
-1.577011,100,4.428409
-1.97206,100,5.111618
-1.563903,100,5.288381
-2.134902,100,5.463847
