#{"t_start": 1592423035.932789, "env_id": "widowx_reacher-v5"}
r,l,t
-0.90716,100,1.989807
-0.48081,100,2.178624
-0.598803,100,3.147136
-0.814248,100,3.332277
-0.579612,100,3.51688
-0.950788,100,4.20765
-1.237684,100,4.380179
-1.101129,100,5.063382
-1.632495,100,5.24015
-1.381596,100,5.415608
