#{"t_start": 1592423036.0303223, "env_id": "widowx_reacher-v5"}
r,l,t
-1.455873,100,1.893406
-1.33439,100,2.082192
-0.901146,100,3.050699
-1.165863,100,3.235827
-3.263613,100,3.420431
-1.785863,100,4.111205
-2.404704,100,4.283724
-2.837941,100,4.966938
-4.342827,100,5.143699
-1.426163,100,5.319172
