#{"t_start": 1592423036.0546327, "env_id": "widowx_reacher-v5"}
r,l,t
-5.21929,100,1.869372
-2.708375,100,2.058147
-2.414184,100,3.026656
-2.84838,100,3.211782
-2.572109,100,3.396385
-4.428579,100,4.08716
-2.382533,100,4.259674
-1.406584,100,4.942902
-2.578921,100,5.119653
-3.467923,100,5.295131
