#{"t_start": 1600280159.7962484, "env_id": "widowx_reacher-v5"}
r,l,t
-3.998165,100,1.14067
-3.22498,100,1.290409
-2.310798,100,1.450134
-2.228688,100,1.597233
-2.234657,100,1.747232
-3.157891,100,1.89439
-1.855652,100,2.037762
-3.56266,100,2.195543
-3.054664,100,2.35606
-4.107753,100,2.499861
-2.825764,100,2.649242
-3.068704,100,2.794735
