#{"t_start": 1600280159.8110943, "env_id": "widowx_reacher-v5"}
r,l,t
-4.725499,100,1.126007
-2.412873,100,1.275746
-0.94913,100,1.435568
-2.578746,100,1.582565
-2.216682,100,1.732562
-1.569939,100,1.879729
-4.674055,100,2.023141
-3.29951,100,2.180887
-5.831403,100,2.341389
-2.688464,100,2.485188
-5.36731,100,2.634568
-3.280396,100,2.780066
