#{"t_start": 1600280159.841063, "env_id": "widowx_reacher-v5"}
r,l,t
-2.523554,100,1.09638
-2.038004,100,1.246116
-4.987717,100,1.405982
-3.637202,100,1.552938
-2.885353,100,1.702938
-3.391784,100,1.850099
-3.223371,100,1.993595
-3.87981,100,2.151282
-5.649964,100,2.311763
-3.222913,100,2.455557
-4.787165,100,2.604934
-2.515937,100,2.750433
