#{"t_start": 1600280159.872214, "env_id": "widowx_reacher-v5"}
r,l,t
-2.984622,100,1.065583
-2.082089,100,1.215416
-2.794907,100,1.375161
-4.175751,100,1.522121
-2.598492,100,1.672125
-4.409797,100,1.819285
-3.593578,100,1.962852
-2.654736,100,2.120494
-3.482023,100,2.280948
-3.811846,100,2.42474
-2.272863,100,2.574113
-1.534007,100,2.719616
