#{"t_start": 1592422770.818639, "env_id": "widowx_reacher-v5"}
r,l,t
-1.539151,100,2.343259
-1.624159,100,2.530747
-1.678092,100,2.717925
-1.953188,100,2.904497
-1.460379,100,3.091564
-1.97137,100,3.276444
-1.416226,100,3.464403
-1.752418,100,3.650545
-1.697403,100,3.846698
-1.897752,100,4.040516
-1.660632,100,4.236064
-1.341426,100,4.425144
