#{"t_start": 1592422770.842685, "env_id": "widowx_reacher-v5"}
r,l,t
-2.15574,100,2.319504
-2.063552,100,2.506993
-1.485593,100,2.694154
-1.492778,100,2.880725
-1.687776,100,3.067797
-1.488443,100,3.25267
-1.737297,100,3.440629
-2.67516,100,3.626781
-1.875806,100,3.82293
-2.182765,100,4.016741
-1.840139,100,4.212291
-2.639999,100,4.401371
