#{"t_start": 1592422770.8668716, "env_id": "widowx_reacher-v5"}
r,l,t
-1.147119,100,2.295604
-1.748345,100,2.483078
-0.48223,100,2.670233
-0.798019,100,2.856811
-0.957098,100,3.043879
-0.844907,100,3.228757
-0.33189,100,3.416715
-0.697568,100,3.602863
-0.660964,100,3.799011
-0.82058,100,3.992828
-0.492183,100,4.188371
-0.608273,100,4.377452
