#{"t_start": 1592422770.9165368, "env_id": "widowx_reacher-v5"}
r,l,t
-2.650832,100,2.24649
-2.208553,100,2.43396
-1.628947,100,2.621103
-2.811858,100,2.807664
-3.042538,100,2.994739
-3.279442,100,3.179615
-2.079981,100,3.367575
-1.909638,100,3.553721
-2.637466,100,3.749866
-2.265663,100,3.943683
-1.918415,100,4.139232
-1.604538,100,4.32832
