#{"t_start": 1592422770.9408524, "env_id": "widowx_reacher-v5"}
r,l,t
-1.377585,100,2.222448
-0.792008,100,2.409917
-0.906425,100,2.597053
-1.47304,100,2.78361
-1.898312,100,2.97069
-0.868608,100,3.15556
-1.41748,100,3.343518
-0.828068,100,3.52967
-3.795824,100,3.725814
-1.633617,100,3.919632
-2.345212,100,4.115173
-0.981652,100,4.304263
