Eval mean reward,Eval std,success ratio,Average reach time,Train walltime (s)
-0.5442486033425666,0.18197595970809136,0.0,,509.40217900276184
