#{"t_start": 1589903810.6131313, "env_id": "widowx_reach-v3"}
r,l,t
-1.096517,100,1.006678
-3.02841,100,1.154436
-2.377592,100,1.716631
-0.826052,100,1.850705
-1.979398,100,1.980781
-0.590548,100,2.39837
-1.296005,100,2.527985
-2.888748,100,2.943865
-1.150178,100,3.077603
-2.865693,100,3.207409
