#{"t_start": 1589903730.1291764, "env_id": "widowx_reach-v3"}
r,l,t
-1.629176,100,0.931576
-1.954065,100,1.075026
-2.128762,100,1.627968
-4.032519,100,1.757612
-1.307067,100,1.8853
-2.411972,100,2.297567
-0.670014,100,2.424217
-1.569615,100,2.833363
-1.044794,100,2.963824
-1.868781,100,3.095442
