Eval mean reward,Eval std,success ratio,Average reach time,Train walltime (s)
-0.6158196757838595,0.22789584365306614,0.0,,3.1569488048553467
