#{"t_start": 1592422990.7114348, "env_id": "widowx_reacher-v5"}
r,l,t
-3.540215,100,4.912358
-3.272808,100,5.154226
-1.592726,100,5.414926
-2.677375,100,5.671214
-0.841023,100,5.921253
-1.042478,100,6.153378
-0.421039,100,6.386415
-1.276504,100,6.619383
-0.243701,100,6.861706
-4.498513,100,7.099428
-1.846448,100,7.338111
-3.95328,100,7.578473
