#{"t_start": 1592422990.7355716, "env_id": "widowx_reacher-v5"}
r,l,t
-2.494461,100,4.888499
-2.440442,100,5.130355
-2.593842,100,5.391061
-3.324934,100,5.64734
-2.98495,100,5.897384
-4.200849,100,6.12951
-5.113637,100,6.362541
-3.665876,100,6.595511
-4.361879,100,6.837837
-4.241488,100,7.075574
-4.851574,100,7.314259
-4.275882,100,7.554599
