#{"t_start": 1592422990.783505, "env_id": "widowx_reacher-v5"}
r,l,t
-1.191071,100,4.841115
-2.260856,100,5.082939
-4.676351,100,5.343649
-3.294071,100,5.599941
-5.461071,100,5.849983
-5.308605,100,6.082106
-4.883365,100,6.315136
-7.077765,100,6.548146
-5.187534,100,6.790457
-7.142027,100,7.028169
-7.213556,100,7.266861
-6.340927,100,7.507213
