#{"t_start": 1600280312.8017626, "env_id": "widowx_reacher-v5"}
r,l,t
-1.979604,100,1.200119
-1.920412,100,1.49103
-4.312808,100,1.633643
-3.146291,100,1.780261
-5.11368,100,1.907417
-1.551752,100,2.051783
-2.606349,100,2.194098
-1.34681,100,2.33393
-2.950153,100,2.477875
-1.376599,100,2.599377
-2.955818,100,2.737901
