#{"t_start": 1600280312.8478506, "env_id": "widowx_reacher-v5"}
r,l,t
-2.090797,100,1.154587
-1.287503,100,1.445507
-3.273269,100,1.588112
-4.139676,100,1.734726
-2.670404,100,1.862196
-5.082399,100,2.006272
-2.582594,100,2.148569
-2.780857,100,2.288395
-2.225773,100,2.432346
-1.216005,100,2.55382
-1.056082,100,2.692389
