#{"t_start": 1600280312.8935947, "env_id": "widowx_reacher-v5"}
r,l,t
-5.450711,100,1.109397
-2.163873,100,1.400256
-2.909348,100,1.542888
-2.928887,100,1.68955
-1.829269,100,1.816952
-3.125653,100,1.961044
-2.711084,100,2.10333
-1.786016,100,2.243157
-2.394772,100,2.387112
-4.069321,100,2.508566
-1.440637,100,2.647147
