#{"t_start": 1600280312.9087656, "env_id": "widowx_reacher-v5"}
r,l,t
-4.713606,100,1.094393
-1.844092,100,1.385248
-4.724123,100,1.527885
-3.298868,100,1.674548
-3.130534,100,1.801948
-2.122258,100,1.94605
-2.005007,100,2.088326
-1.897184,100,2.228156
-1.490899,100,2.372111
-1.401853,100,2.493559
-1.820334,100,2.632144
