Eval mean reward,Eval std,success ratio,Average reach time,Train walltime (s)
-1.0897902855358552,0.32491803363480665,0.0,,384.95454001426697
