#{"t_start": 1589927582.740673, "env_id": "widowx_reach-v3"}
r,l,t
-0.552444,100,3.029088
-0.959864,100,3.231131
-0.488029,100,3.436708
-0.869416,100,3.638596
-0.344387,100,3.846074
-0.442084,100,4.049908
-0.940499,100,4.251466
-0.390255,100,4.456095
-0.621145,100,4.664378
-0.666111,100,4.871039
-0.555766,100,5.076389
-0.357863,100,5.2798
