#{"t_start": 1589927582.779493, "env_id": "widowx_reach-v3"}
r,l,t
-1.548292,100,2.990626
-1.862565,100,3.192654
-1.200006,100,3.398218
-1.595568,100,3.600107
-1.660706,100,3.807583
-1.839722,100,4.011416
-1.810274,100,4.212975
-1.823953,100,4.417611
-1.599569,100,4.625906
-1.407525,100,4.832547
-1.020415,100,5.037905
-1.309,100,5.241309
