#{"t_start": 1589927582.8041272, "env_id": "widowx_reach-v3"}
r,l,t
-1.636106,100,2.966309
-1.96994,100,3.168329
-1.633849,100,3.373892
-1.601239,100,3.575777
-2.186006,100,3.783263
-1.734558,100,3.987095
-2.465728,100,4.188645
-2.213048,100,4.393285
-1.078052,100,4.601583
-1.602962,100,4.808228
-2.018387,100,5.013576
-1.600667,100,5.216985
