#{"t_start": 1589927582.8307302, "env_id": "widowx_reach-v3"}
r,l,t
-1.173597,100,2.940011
-1.182099,100,3.142045
-0.531616,100,3.347596
-0.982068,100,3.549479
-0.826792,100,3.756955
-1.582454,100,3.960793
-1.611634,100,4.162338
-1.23096,100,4.366981
-1.16954,100,4.575287
-1.017016,100,4.781923
-0.943551,100,4.987272
-0.659382,100,5.19068
