#{"t_start": 1589927582.859621, "env_id": "widowx_reach-v3"}
r,l,t
-1.573535,100,2.911419
-1.843676,100,3.11345
-0.940453,100,3.319001
-2.288241,100,3.520887
-2.601415,100,3.728359
-2.647337,100,3.932197
-1.666029,100,4.133747
-0.919216,100,4.338386
-5.240357,100,4.546704
-0.807488,100,4.753325
-1.192463,100,4.958681
-2.942287,100,5.162081
