#{"t_start": 1589927582.883885, "env_id": "widowx_reach-v3"}
r,l,t
-2.734549,100,2.88746
-2.202515,100,3.089489
-1.510069,100,3.295032
-2.067825,100,3.496918
-2.387135,100,3.704395
-3.231555,100,3.908231
-2.145132,100,4.109777
-3.124895,100,4.314421
-2.736452,100,4.522738
-2.289936,100,4.729361
-3.466346,100,4.934712
-1.357021,100,5.138108
