#{"t_start": 1589927582.9247148, "env_id": "widowx_reach-v3"}
r,l,t
-2.30126,100,2.846924
-1.584262,100,3.04895
-2.408587,100,3.254506
-1.480547,100,3.456386
-1.814979,100,3.663857
-2.112655,100,3.867693
-3.726932,100,4.069237
-1.090205,100,4.273885
-1.145822,100,4.482205
-0.97936,100,4.688821
-2.065355,100,4.894173
-0.919195,100,5.097577
