#{"t_start": 1589927582.94996, "env_id": "widowx_reach-v3"}
r,l,t
-2.268924,100,2.821974
-2.556784,100,3.023994
-2.831797,100,3.229552
-1.246714,100,3.431437
-2.633373,100,3.638903
-1.863127,100,3.842739
-1.45064,100,4.044289
-1.491595,100,4.24893
-2.504158,100,4.457265
-3.42534,100,4.663866
-4.172529,100,4.869224
-3.371537,100,5.072624
