mean_walltime,std_walltime
307.18782591819763,161.28514786678764
