mean_walltime,std_walltime
4.977377057870229,2.613976980109188
