Eval mean reward,Eval std,success ratio,Average reach time,Train walltime (s)
-0.7815860996954143,0.05090066037587574,0.0,,721.2859370708466
