#{"t_start": 1600709063.050701, "env_id": "widowx_reacher-v5"}
r,l,t
-2.158699,100,1.140017
-2.52888,100,1.443241
-3.658958,100,1.594032
-2.215717,100,1.734127
-2.830339,100,1.852562
-1.523726,100,1.990011
-3.638141,100,2.127276
-1.706725,100,2.266803
-1.491178,100,2.407029
-1.496056,100,2.530082
-3.931502,100,2.666019
