#{"t_start": 1600709063.066117, "env_id": "widowx_reacher-v5"}
r,l,t
-3.944088,100,1.125082
-3.230456,100,1.42803
-4.913302,100,1.578818
-2.015311,100,1.718906
-4.646792,100,1.837348
-3.32581,100,1.97479
-2.809742,100,2.112049
-3.642837,100,2.251584
-1.756585,100,2.391808
-5.013317,100,2.514861
-1.040039,100,2.650805
