#{"t_start": 1600709063.0814826, "env_id": "widowx_reacher-v5"}
r,l,t
-2.746702,100,1.110124
-2.963885,100,1.412836
-3.348109,100,1.563626
-3.32611,100,1.703713
-3.545858,100,1.82215
-3.928393,100,1.959591
-4.000425,100,2.096851
-3.62703,100,2.236392
-3.794186,100,2.376613
-1.985098,100,2.499663
-2.748693,100,2.635613
