#{"t_start": 1600709063.0968642, "env_id": "widowx_reacher-v5"}
r,l,t
-4.402612,100,1.094988
-4.554354,100,1.397631
-2.289357,100,1.548413
-4.811531,100,1.688498
-2.97501,100,1.806934
-2.686865,100,1.944373
-1.812579,100,2.08163
-3.361034,100,2.22118
-3.482172,100,2.361399
-2.821072,100,2.484444
-1.712012,100,2.620401
