#{"t_start": 1600709063.1122878, "env_id": "widowx_reacher-v5"}
r,l,t
-4.547262,100,1.079866
-2.392796,100,1.382375
-2.985668,100,1.533156
-2.961045,100,1.67324
-1.370576,100,1.791673
-4.232199,100,1.929111
-4.453641,100,2.066363
-2.722918,100,2.205923
-3.310075,100,2.346148
-1.956259,100,2.469182
-3.110104,100,2.605144
