#{"t_start": 1600709063.1277013, "env_id": "widowx_reacher-v5"}
r,l,t
-3.340258,100,1.064769
-1.731717,100,1.367126
-1.666784,100,1.517907
-4.439041,100,1.657991
-3.878761,100,1.776428
-4.534464,100,1.913857
-3.305538,100,2.051106
-2.394465,100,2.190683
-3.657971,100,2.330901
-3.655101,100,2.453928
-2.070333,100,2.589895
