#{"t_start": 1600709063.143025, "env_id": "widowx_reacher-v5"}
r,l,t
-3.153558,100,1.049682
-5.98934,100,1.351966
-3.79499,100,1.502749
-2.577525,100,1.642831
-1.850373,100,1.761268
-3.071407,100,1.898692
-2.257736,100,2.035938
-1.980976,100,2.175524
-4.147815,100,2.315742
-1.778342,100,2.438766
-2.474061,100,2.574738
