#{"t_start": 1600709063.1583576, "env_id": "widowx_reacher-v5"}
r,l,t
-4.071803,100,1.034575
-5.440068,100,1.336797
-2.24516,100,1.487581
-1.134499,100,1.627661
-3.010411,100,1.746098
-1.724727,100,1.883518
-0.710366,100,2.020761
-2.773269,100,2.160357
-3.692534,100,2.300574
-4.488446,100,2.423593
-2.650819,100,2.55957
