#{"t_start": 1592422828.0400538, "env_id": "widowx_reacher-v5"}
r,l,t
-1.337804,100,2.016299
-2.073725,100,2.203158
-1.322056,100,3.164667
-1.952573,100,3.336588
-1.208355,100,3.507633
-1.027409,100,4.174032
-1.398143,100,4.345958
-1.48962,100,5.016075
-1.747859,100,5.186851
-1.441998,100,5.35744
