#{"t_start": 1592422828.0871649, "env_id": "widowx_reacher-v5"}
r,l,t
-1.207913,100,1.96978
-0.519473,100,2.156598
-0.507628,100,3.118118
-1.042071,100,3.290025
-1.706525,100,3.461071
-0.583952,100,4.127481
-1.070943,100,4.299406
-0.463398,100,4.96953
-1.801191,100,5.140288
-0.530198,100,5.31087
