#{"t_start": 1592422828.1343634, "env_id": "widowx_reacher-v5"}
r,l,t
-2.816245,100,1.92313
-2.200228,100,2.109927
-1.424061,100,3.071467
-1.923636,100,3.243372
-4.48287,100,3.414417
-2.504201,100,4.080814
-2.923802,100,4.252745
-2.233372,100,4.922895
-2.404213,100,5.093618
-3.013052,100,5.264207
