#{"t_start": 1592422828.158006, "env_id": "widowx_reacher-v5"}
r,l,t
-3.84016,100,1.899757
-2.574446,100,2.086552
-1.93578,100,3.04809
-1.225854,100,3.219997
-0.992897,100,3.391039
-1.139428,100,4.057433
-1.248266,100,4.229368
-0.710609,100,4.89953
-2.665183,100,5.070237
-2.693807,100,5.240829
