#{"t_start": 1592422828.1814873, "env_id": "widowx_reacher-v5"}
r,l,t
-2.592052,100,1.876542
-3.219814,100,2.063332
-3.210767,100,3.024875
-3.339635,100,3.196781
-2.947468,100,3.36782
-2.117844,100,4.034225
-2.496769,100,4.206161
-2.668417,100,4.876319
-3.292001,100,5.047026
-5.639519,100,5.21761
