#{"t_start": 1591959557.026791, "env_id": "widowx_reacher-v5"}
r,l,t
-1.030714,100,28.573215
-0.570075,100,35.248398
-0.619715,100,39.360698
-0.850199,100,45.995393
-0.76076,100,52.647017--0.541081,100,56.475256--0.695885,100,62.97088----0.562254,100,66.79808-0-0.637712,100,73.26547-0.--0.745777,100,79.8026-0.--0.48528,100,83.3457-0.7-0.393477,100,87.146935

-2.158492,100,86.906772
