#{"t_start": 1591959557.8113317, "env_id": "widowx_reacher-v5"}
r,l,t
-2.785992,100,27.751851--2.13563,100,34.439202--1.383986,100,38.541528--0.697971,100,45.175047--1.962379,100,51.820675-2-1.055356,100,55.655119-0-1.935382,100,62.1499--2.185219,100,65.972903---1.446667,100,72.591679--1.179425,100,78.976721--1.664405,100,82.522034--1.040733,100,86.323335

