#{"t_start": 1591959558.2969394, "env_id": "widowx_reacher-v5"}
r,l,t--3.233796,100,27.055775--3.519662,100,33.746335--4.124253,100,37.849432--3.429271,100,44.485207--4.092937,100,51.137406--3.522641,100,54.96942----3.743497,100,61.46411----2.355905,100,65.2834----1.632135,100,71.95139-2---3.151332,100,78.2853----3.026892,100,81.83355-2--4.103412,100,85.629236
