#{"t_start": 1600280165.4344144, "env_id": "widowx_reacher-v5"}
r,l,t
-2.965368,100,2.913054
-2.615412,100,3.044635
-2.142727,100,3.194702
-1.257284,100,3.343683
-2.780956,100,3.492153
-2.002413,100,3.673658
-1.609716,100,3.874583
-2.37226,100,4.047709
-1.920465,100,4.203203
-1.366561,100,4.357136
-1.923808,100,4.506449
-1.63055,100,4.66079
