#{"t_start": 1600280165.4501379, "env_id": "widowx_reacher-v5"}
r,l,t
-2.356447,100,2.897542
-3.271714,100,3.029107
-2.236622,100,3.17919
-1.739453,100,3.328168
-1.82595,100,3.476629
-1.93756,100,3.658171
-2.519043,100,3.859077
-4.649188,100,4.032198
-2.180531,100,4.187804
-1.392006,100,4.341633
-2.364687,100,4.490928
-1.066131,100,4.645284
