#{"t_start": 1600280165.4816158, "env_id": "widowx_reacher-v5"}
r,l,t
-3.095206,100,2.866397
-2.357649,100,2.997963
-2.299392,100,3.148044
-1.227245,100,3.297035
-6.72066,100,3.445497
-1.270345,100,3.627065
-2.293131,100,3.827957
-1.54038,100,4.001082
-1.668803,100,4.15689
-1.405174,100,4.310539
-1.283879,100,4.4598
-1.50926,100,4.614175
