#{"t_start": 1600280165.4973578, "env_id": "widowx_reacher-v5"}
r,l,t
-3.600041,100,2.850818
-2.34437,100,2.982383
-2.422456,100,3.132475
-1.733815,100,3.281464
-2.492598,100,3.429929
-1.599666,100,3.611496
-2.379484,100,3.812384
-1.395636,100,3.985538
-2.053038,100,4.141452
-2.152973,100,4.29498
-1.489954,100,4.444231
-1.967199,100,4.598614
