#{"t_start": 1600280165.545201, "env_id": "widowx_reacher-v5"}
r,l,t
-2.652852,100,2.803461
-1.969959,100,2.935024
-2.338623,100,3.085124
-2.136427,100,3.23414
-2.988662,100,3.382568
-1.379239,100,3.564185
-1.71746,100,3.765392
-1.394077,100,3.93821
-1.383303,100,4.094426
-2.284764,100,4.247664
-1.139821,100,4.396897
-1.933997,100,4.551306
